/*****************************************************************************
* | File      	:   ImageData.c
* | Author      :   Waveshare team
* | Function    :	
*----------------
* |	This version:   V1.1
* | Date        :   2019-06-12
* | Info        :
*
#
# Permission is hereby granted, free of charge, to any person obtaining a copy
# of this software and associated documnetation files (the "Software"), to deal
# in the Software without restriction, including without limitation the rights
# to use, copy, modify, merge, publish, distribute, sublicense, and/or sell
# copies of the Software, and to permit persons to  whom the Software is
# furished to do so, subject to the following conditions:
#
# The above copyright notice and this permission notice shall be included in
# all copies or substantial portions of the Software.
#
# THE SOFTWARE IS PROVIDED "AS IS", WITHOUT WARRANTY OF ANY KIND, EXPRESS OR
# IMPLIED, INCLUDING BUT NOT LIMITED TO THE WARRANTIES OF MERCHANTABILITY,
# FITNESS OR A PARTICULAR PURPOSE AND NONINFRINGEMENT. IN NO EVENT SHALL THE
# AUTHORS OR COPYRIGHT HOLDERS BE LIABLE FOR ANY CLAIM, DAMAGES OR OTHER
# LIABILITY WHETHER IN AN ACTION OF CONTRACT, TORT OR OTHERWISE, ARISING FROM,
# OUT OF OR IN CONNECTION WITH THE SOFTWARE OR THE USE OR OTHER DEALINGS IN
# THE SOFTWARE.
#

******************************************************************************/

#include "ImageData.h"

const unsigned char Image6color[] = {
    0x22, 0x22, 0x22, 0x22, 0x22, 0x22, 0x22, 0x22, 0x22, 0x22, 0x22, 0x22, 0x22, 0x22, 0x22, 0x22, 
    0x22, 0x22, 0x22, 0x22, 0x22, 0x22, 0x22, 0x22, 0x22, 0x22, 0x22, 0x22, 0x22, 0x22, 0x22, 0x22, 
    0x22, 0x22, 0x22, 0x22, 0x22, 0x22, 0x22, 0x22, 0x22, 0x22, 0x22, 0x22, 0x22, 0x22, 0x22, 0x22, 
    0x22, 0x22, 0x22, 0x22, 0x22, 0x22, 0x22, 0x22, 0x22, 0x22, 0x22, 0x22, 0x22, 0x22, 0x22, 0x22, 
    0x22, 0x22, 0x22, 0x22, 0x22, 0x22, 0x22, 0x22, 0x22, 0x22, 0x22, 0x22, 0x22, 0x22, 0x22, 0x22, 
    0x22, 0x22, 0x22, 0x22, 0x22, 0x22, 0x22, 0x22, 0x22, 0x22, 0x22, 0x22, 0x22, 0x22, 0x22, 0x22, 
    0x22, 0x22, 0x22, 0x22, 0x22, 0x22, 0x22, 0x22, 0x22, 0x22, 0x22, 0x22, 0x22, 0x22, 0x22, 0x22, 
    0x22, 0x22, 0x22, 0x22, 0x22, 0x22, 0x22, 0x22, 0x22, 0x22, 0x22, 0x22, 0x22, 0x22, 0x22, 0x22, 
    0x22, 0x22, 0x22, 0x22, 0x22, 0x22, 0x22, 0x22, 0x22, 0x22, 0x22, 0x22, 0x22, 0x22, 0x22, 0x22, 
    0x22, 0x22, 0x22, 0x22, 0x22, 0x22, 0x22, 0x22, 0x22, 0x22, 0x22, 0x22, 0x22, 0x22, 0x22, 0x22, 
    0x22, 0x22, 0x22, 0x22, 0x22, 0x22, 0x22, 0x22, 0x22, 0x22, 0x22, 0x22, 0x22, 0x22, 0x22, 0x22, 
    0x22, 0x22, 0x22, 0x22, 0x22, 0x22, 0x22, 0x22, 0x22, 0x22, 0x22, 0x22, 0x22, 0x22, 0x22, 0x22, 
    0x22, 0x22, 0x22, 0x22, 0x22, 0x22, 0x22, 0x22, 0x22, 0x22, 0x22, 0x22, 0x22, 0x22, 0x22, 0x22, 
    0x22, 0x22, 0x22, 0x22, 0x22, 0x22, 0x22, 0x22, 0x22, 0x22, 0x22, 0x22, 0x22, 0x22, 0x22, 0x22, 
    0x22, 0x22, 0x22, 0x22, 0x22, 0x22, 0x22, 0x22, 0x22, 0x22, 0x22, 0x22, 0x22, 0x22, 0x22, 0x22, 
    0x22, 0x22, 0x22, 0x22, 0x22, 0x22, 0x22, 0x22, 0x22, 0x22, 0x22, 0x22, 0x22, 0x22, 0x22, 0x22, 
    0x22, 0x22, 0x22, 0x22, 0x22, 0x22, 0x22, 0x22, 0x22, 0x22, 0x22, 0x22, 0x22, 0x22, 0x22, 0x22, 
    0x22, 0x22, 0x22, 0x22, 0x22, 0x22, 0x22, 0x22, 0x22, 0x22, 0x22, 0x22, 0x22, 0x22, 0x22, 0x22, 
    0x22, 0x22, 0x22, 0x22, 0x22, 0x22, 0x22, 0x22, 0x22, 0x22, 0x22, 0x22, 0x22, 0x22, 0x22, 0x22, 
    0x22, 0x22, 0x22, 0x22, 0x22, 0x22, 0x22, 0x22, 0x22, 0x22, 0x22, 0x22, 0x22, 0x22, 0x22, 0x22, 
    0x22, 0x22, 0x22, 0x22, 0x22, 0x22, 0x22, 0x22, 0x22, 0x22, 0x22, 0x22, 0x22, 0x22, 0x22, 0x22, 
    0x22, 0x22, 0x22, 0x22, 0x22, 0x22, 0x22, 0x22, 0x22, 0x22, 0x22, 0x22, 0x22, 0x22, 0x22, 0x22, 
    0x22, 0x22, 0x22, 0x22, 0x22, 0x22, 0x22, 0x22, 0x22, 0x22, 0x22, 0x22, 0x22, 0x22, 0x22, 0x22, 
    0x22, 0x22, 0x22, 0x22, 0x22, 0x22, 0x22, 0x22, 0x22, 0x22, 0x22, 0x22, 0x22, 0x22, 0x22, 0x22, 
    0x22, 0x22, 0x22, 0x22, 0x22, 0x22, 0x22, 0x22, 0x22, 0x22, 0x22, 0x22, 0x22, 0x22, 0x22, 0x22, 
    0x22, 0x22, 0x22, 0x22, 0x22, 0x22, 0x22, 0x22, 0x22, 0x22, 0x22, 0x22, 0x22, 0x22, 0x22, 0x22, 
    0x22, 0x22, 0x22, 0x22, 0x22, 0x22, 0x22, 0x22, 0x22, 0x22, 0x22, 0x22, 0x22, 0x22, 0x22, 0x22, 
    0x22, 0x22, 0x22, 0x22, 0x22, 0x22, 0x22, 0x22, 0x22, 0x22, 0x22, 0x22, 0x22, 0x22, 0x22, 0x22, 
    0x22, 0x22, 0x22, 0x22, 0x22, 0x22, 0x22, 0x22, 0x22, 0x22, 0x22, 0x22, 0x22, 0x22, 0x22, 0x22, 
    0x22, 0x22, 0x22, 0x22, 0x22, 0x22, 0x22, 0x22, 0x22, 0x22, 0x22, 0x22, 0x22, 0x22, 0x22, 0x22, 
    0x22, 0x22, 0x22, 0x22, 0x22, 0x22, 0x22, 0x22, 0x22, 0x22, 0x22, 0x22, 0x22, 0x22, 0x22, 0x22, 
    0x22, 0x22, 0x22, 0x22, 0x22, 0x22, 0x22, 0x22, 0x22, 0x22, 0x22, 0x22, 0x22, 0x22, 0x22, 0x22, 
    0x22, 0x22, 0x22, 0x22, 0x22, 0x22, 0x22, 0x22, 0x22, 0x22, 0x22, 0x22, 0x22, 0x22, 0x22, 0x22, 
    0x22, 0x22, 0x22, 0x22, 0x22, 0x22, 0x22, 0x22, 0x22, 0x22, 0x22, 0x22, 0x22, 0x22, 0x22, 0x22, 
    0x22, 0x22, 0x22, 0x22, 0x22, 0x22, 0x22, 0x22, 0x22, 0x22, 0x22, 0x22, 0x22, 0x22, 0x22, 0x22, 
    0x22, 0x22, 0x22, 0x22, 0x22, 0x22, 0x22, 0x22, 0x22, 0x22, 0x22, 0x22, 0x22, 0x22, 0x22, 0x22, 
    0x22, 0x22, 0x22, 0x22, 0x22, 0x22, 0x22, 0x22, 0x22, 0x22, 0x22, 0x22, 0x22, 0x22, 0x22, 0x22, 
    0x22, 0x22, 0x22, 0x22, 0x22, 0x22, 0x22, 0x22, 0x22, 0x22, 0x22, 0x22, 0x22, 0x22, 0x22, 0x22, 
    0x22, 0x22, 0x22, 0x22, 0x22, 0x22, 0x22, 0x22, 0x22, 0x22, 0x22, 0x22, 0x22, 0x22, 0x22, 0x22, 
    0x22, 0x22, 0x22, 0x22, 0x22, 0x22, 0x22, 0x22, 0x22, 0x22, 0x22, 0x22, 0x22, 0x22, 0x22, 0x22, 
    0x22, 0x22, 0x22, 0x22, 0x22, 0x22, 0x22, 0x22, 0x22, 0x22, 0x22, 0x22, 0x22, 0x22, 0x22, 0x22, 
    0x22, 0x22, 0x22, 0x22, 0x22, 0x22, 0x22, 0x22, 0x22, 0x22, 0x22, 0x22, 0x22, 0x22, 0x22, 0x22, 
    0x22, 0x22, 0x22, 0x22, 0x22, 0x22, 0x22, 0x22, 0x22, 0x22, 0x22, 0x22, 0x22, 0x22, 0x22, 0x22, 
    0x22, 0x22, 0x22, 0x22, 0x22, 0x22, 0x22, 0x22, 0x22, 0x22, 0x22, 0x22, 0x22, 0x22, 0x22, 0x22, 
    0x22, 0x22, 0x22, 0x22, 0x22, 0x22, 0x22, 0x22, 0x22, 0x22, 0x22, 0x22, 0x22, 0x22, 0x22, 0x22, 
    0x22, 0x22, 0x22, 0x22, 0x22, 0x22, 0x22, 0x22, 0x22, 0x22, 0x22, 0x22, 0x22, 0x22, 0x22, 0x22, 
    0x22, 0x22, 0x22, 0x22, 0x22, 0x22, 0x22, 0x22, 0x22, 0x22, 0x22, 0x22, 0x22, 0x22, 0x22, 0x22, 
    0x22, 0x22, 0x22, 0x22, 0x22, 0x22, 0x22, 0x22, 0x22, 0x22, 0x22, 0x22, 0x22, 0x22, 0x22, 0x22, 
    0x22, 0x22, 0x22, 0x22, 0x22, 0x22, 0x22, 0x22, 0x22, 0x22, 0x22, 0x22, 0x22, 0x22, 0x22, 0x22, 
    0x22, 0x22, 0x22, 0x22, 0x22, 0x22, 0x22, 0x22, 0x22, 0x22, 0x22, 0x22, 0x22, 0x22, 0x22, 0x22, 
    0x22, 0x22, 0x22, 0x22, 0x22, 0x22, 0x22, 0x22, 0x22, 0x22, 0x22, 0x22, 0x22, 0x22, 0x22, 0x22, 
    0x22, 0x22, 0x22, 0x22, 0x22, 0x22, 0x22, 0x22, 0x22, 0x22, 0x22, 0x22, 0x22, 0x22, 0x22, 0x22, 
    0x22, 0x22, 0x22, 0x22, 0x22, 0x22, 0x22, 0x22, 0x22, 0x22, 0x22, 0x22, 0x22, 0x22, 0x22, 0x22, 
    0x22, 0x22, 0x22, 0x22, 0x22, 0x22, 0x22, 0x22, 0x22, 0x22, 0x22, 0x22, 0x22, 0x22, 0x22, 0x22, 
    0x22, 0x22, 0x22, 0x22, 0x22, 0x22, 0x22, 0x22, 0x22, 0x22, 0x22, 0x22, 0x22, 0x22, 0x22, 0x22, 
    0x22, 0x22, 0x22, 0x22, 0x22, 0x22, 0x22, 0x22, 0x22, 0x22, 0x22, 0x22, 0x22, 0x22, 0x22, 0x22, 
    0x22, 0x22, 0x22, 0x22, 0x22, 0x22, 0x22, 0x22, 0x22, 0x22, 0x22, 0x22, 0x22, 0x22, 0x22, 0x22, 
    0x22, 0x22, 0x22, 0x22, 0x22, 0x22, 0x22, 0x22, 0x22, 0x22, 0x22, 0x22, 0x22, 0x22, 0x22, 0x22, 
    0x22, 0x22, 0x22, 0x22, 0x22, 0x22, 0x22, 0x22, 0x22, 0x22, 0x22, 0x22, 0x22, 0x22, 0x22, 0x22, 
    0x22, 0x22, 0x22, 0x22, 0x22, 0x22, 0x22, 0x22, 0x22, 0x22, 0x22, 0x22, 0x22, 0x22, 0x22, 0x22, 
    0x22, 0x22, 0x22, 0x22, 0x22, 0x22, 0x22, 0x22, 0x22, 0x22, 0x22, 0x22, 0x22, 0x22, 0x22, 0x22, 
    0x22, 0x22, 0x22, 0x22, 0x22, 0x22, 0x22, 0x22, 0x22, 0x22, 0x22, 0x22, 0x22, 0x22, 0x22, 0x22, 
    0x22, 0x22, 0x22, 0x22, 0x22, 0x22, 0x22, 0x22, 0x22, 0x22, 0x22, 0x22, 0x22, 0x22, 0x22, 0x22, 
    0x22, 0x22, 0x22, 0x22, 0x22, 0x22, 0x22, 0x22, 0x22, 0x22, 0x22, 0x22, 0x22, 0x22, 0x22, 0x22, 
    0x22, 0x22, 0x22, 0x22, 0x22, 0x22, 0x22, 0x22, 0x22, 0x22, 0x22, 0x22, 0x22, 0x22, 0x22, 0x22, 
    0x22, 0x22, 0x22, 0x22, 0x22, 0x22, 0x22, 0x22, 0x22, 0x22, 0x22, 0x22, 0x22, 0x22, 0x22, 0x22, 
    0x22, 0x22, 0x22, 0x22, 0x22, 0x22, 0x22, 0x22, 0x22, 0x22, 0x22, 0x22, 0x22, 0x22, 0x22, 0x22, 
    0x22, 0x22, 0x22, 0x22, 0x22, 0x22, 0x22, 0x22, 0x22, 0x22, 0x22, 0x22, 0x22, 0x22, 0x22, 0x22, 
    0x22, 0x22, 0x22, 0x22, 0x22, 0x22, 0x22, 0x22, 0x22, 0x22, 0x22, 0x22, 0x22, 0x22, 0x22, 0x22, 
    0x22, 0x22, 0x22, 0x22, 0x22, 0x22, 0x22, 0x22, 0x22, 0x22, 0x22, 0x22, 0x22, 0x22, 0x22, 0x22, 
    0x22, 0x22, 0x22, 0x22, 0x22, 0x22, 0x22, 0x22, 0x22, 0x22, 0x22, 0x22, 0x22, 0x22, 0x22, 0x22, 
    0x22, 0x22, 0x22, 0x22, 0x22, 0x22, 0x22, 0x22, 0x22, 0x22, 0x22, 0x22, 0x22, 0x22, 0x22, 0x22, 
    0x22, 0x22, 0x22, 0x22, 0x22, 0x22, 0x22, 0x22, 0x22, 0x22, 0x22, 0x22, 0x22, 0x22, 0x22, 0x22, 
    0x22, 0x22, 0x22, 0x22, 0x22, 0x22, 0x22, 0x22, 0x22, 0x22, 0x22, 0x22, 0x22, 0x22, 0x22, 0x22, 
    0x22, 0x22, 0x22, 0x22, 0x22, 0x22, 0x22, 0x22, 0x22, 0x22, 0x22, 0x22, 0x22, 0x22, 0x22, 0x22, 
    0x22, 0x22, 0x22, 0x22, 0x22, 0x22, 0x22, 0x22, 0x22, 0x22, 0x22, 0x22, 0x22, 0x22, 0x22, 0x22, 
    0x22, 0x22, 0x22, 0x22, 0x22, 0x22, 0x22, 0x22, 0x22, 0x22, 0x22, 0x22, 0x22, 0x22, 0x22, 0x22, 
    0x22, 0x22, 0x22, 0x22, 0x22, 0x22, 0x22, 0x22, 0x22, 0x22, 0x22, 0x22, 0x22, 0x22, 0x22, 0x22, 
    0x22, 0x22, 0x22, 0x22, 0x22, 0x22, 0x22, 0x22, 0x22, 0x22, 0x22, 0x22, 0x22, 0x22, 0x22, 0x22, 
    0x22, 0x00, 0x00, 0x02, 0x22, 0x22, 0x22, 0x22, 0x22, 0x22, 0x22, 0x22, 0x22, 0x22, 0x22, 0x22, 
    0x22, 0x22, 0x22, 0x22, 0x22, 0x22, 0x22, 0x22, 0x22, 0x22, 0x22, 0x22, 0x22, 0x22, 0x22, 0x22, 
    0x22, 0x22, 0x22, 0x22, 0x22, 0x22, 0x22, 0x22, 0x22, 0x22, 0x22, 0x22, 0x22, 0x22, 0x22, 0x22, 
    0x22, 0x22, 0x22, 0x22, 0x22, 0x22, 0x22, 0x22, 0x22, 0x22, 0x22, 0x22, 0x22, 0x22, 0x22, 0x22, 
    0x22, 0x22, 0x22, 0x22, 0x22, 0x22, 0x22, 0x22, 0x22, 0x22, 0x22, 0x22, 0x22, 0x22, 0x22, 0x22, 
    0x22, 0x22, 0x22, 0x22, 0x22, 0x22, 0x22, 0x22, 0x22, 0x22, 0x22, 0x22, 0x22, 0x22, 0x22, 0x22, 
    0x22, 0x22, 0x22, 0x22, 0x22, 0x22, 0x22, 0x22, 0x22, 0x22, 0x22, 0x22, 0x22, 0x22, 0x22, 0x22, 
    0x22, 0x22, 0x22, 0x22, 0x22, 0x22, 0x22, 0x22, 0x20, 0x01, 0x11, 0x10, 0x02, 0x22, 0x22, 0x22, 
    0x22, 0x22, 0x22, 0x22, 0x22, 0x22, 0x22, 0x22, 0x22, 0x22, 0x22, 0x22, 0x22, 0x22, 0x22, 0x22, 
    0x22, 0x22, 0x22, 0x22, 0x22, 0x22, 0x22, 0x22, 0x22, 0x22, 0x22, 0x22, 0x22, 0x22, 0x22, 0x22, 
    0x22, 0x22, 0x22, 0x22, 0x22, 0x22, 0x22, 0x22, 0x22, 0x22, 0x22, 0x22, 0x22, 0x22, 0x22, 0x22, 
    0x22, 0x22, 0x22, 0x22, 0x22, 0x22, 0x22, 0x22, 0x22, 0x22, 0x22, 0x22, 0x22, 0x22, 0x22, 0x22, 
    0x22, 0x22, 0x22, 0x22, 0x22, 0x22, 0x22, 0x22, 0x22, 0x22, 0x22, 0x22, 0x22, 0x22, 0x22, 0x22, 
    0x22, 0x22, 0x22, 0x22, 0x22, 0x22, 0x22, 0x22, 0x22, 0x22, 0x22, 0x22, 0x22, 0x22, 0x22, 0x22, 
    0x22, 0x22, 0x22, 0x22, 0x22, 0x22, 0x22, 0x22, 0x22, 0x22, 0x22, 0x22, 0x22, 0x22, 0x22, 0x22, 
    0x01, 0x11, 0x11, 0x11, 0x00, 0x22, 0x22, 0x22, 0x22, 0x22, 0x22, 0x22, 0x22, 0x22, 0x22, 0x22, 
    0x22, 0x22, 0x22, 0x22, 0x22, 0x22, 0x22, 0x22, 0x22, 0x22, 0x22, 0x22, 0x22, 0x22, 0x22, 0x22, 
    0x22, 0x22, 0x22, 0x22, 0x22, 0x22, 0x22, 0x22, 0x22, 0x22, 0x22, 0x22, 0x22, 0x22, 0x22, 0x22, 
    0x22, 0x22, 0x22, 0x22, 0x22, 0x22, 0x22, 0x22, 0x22, 0x22, 0x22, 0x22, 0x22, 0x22, 0x22, 0x22, 
    0x22, 0x22, 0x22, 0x22, 0x22, 0x22, 0x22, 0x22, 0x22, 0x22, 0x22, 0x22, 0x22, 0x22, 0x22, 0x22, 
    0x22, 0x22, 0x22, 0x22, 0x22, 0x22, 0x22, 0x22, 0x22, 0x22, 0x22, 0x22, 0x22, 0x22, 0x22, 0x22, 
    0x22, 0x22, 0x22, 0x22, 0x22, 0x22, 0x22, 0x22, 0x22, 0x22, 0x22, 0x22, 0x22, 0x22, 0x22, 0x22, 
    0x22, 0x22, 0x22, 0x22, 0x22, 0x22, 0x22, 0x20, 0x11, 0x11, 0x11, 0x11, 0x10, 0x22, 0x22, 0x22, 
    0x22, 0x22, 0x22, 0x22, 0x22, 0x22, 0x22, 0x22, 0x22, 0x22, 0x22, 0x22, 0x22, 0x22, 0x22, 0x22, 
    0x22, 0x22, 0x22, 0x02, 0x22, 0x22, 0x22, 0x22, 0x22, 0x22, 0x22, 0x22, 0x22, 0x22, 0x22, 0x22, 
    0x22, 0x22, 0x22, 0x22, 0x22, 0x22, 0x22, 0x22, 0x22, 0x22, 0x22, 0x22, 0x22, 0x22, 0x22, 0x22, 
    0x22, 0x22, 0x22, 0x22, 0x22, 0x22, 0x22, 0x22, 0x22, 0x22, 0x22, 0x22, 0x22, 0x22, 0x22, 0x22, 
    0x22, 0x22, 0x22, 0x22, 0x22, 0x22, 0x22, 0x22, 0x22, 0x22, 0x22, 0x22, 0x22, 0x22, 0x22, 0x22, 
    0x22, 0x22, 0x22, 0x22, 0x22, 0x22, 0x22, 0x22, 0x22, 0x22, 0x22, 0x22, 0x22, 0x22, 0x22, 0x22, 
    0x22, 0x22, 0x22, 0x22, 0x22, 0x22, 0x22, 0x22, 0x22, 0x22, 0x22, 0x22, 0x22, 0x22, 0x22, 0x20, 
    0x11, 0x11, 0x11, 0x11, 0x10, 0x22, 0x22, 0x22, 0x22, 0x22, 0x22, 0x22, 0x22, 0x22, 0x22, 0x22, 
    0x22, 0x22, 0x22, 0x22, 0x22, 0x22, 0x22, 0x22, 0x22, 0x22, 0x22, 0x02, 0x20, 0x02, 0x22, 0x22, 
    0x22, 0x22, 0x22, 0x22, 0x22, 0x22, 0x22, 0x22, 0x22, 0x22, 0x22, 0x21, 0x22, 0x22, 0x22, 0x22, 
    0x22, 0x22, 0x22, 0x22, 0x22, 0x22, 0x22, 0x22, 0x22, 0x22, 0x22, 0x22, 0x22, 0x22, 0x22, 0x22, 
    0x22, 0x22, 0x22, 0x22, 0x22, 0x22, 0x22, 0x22, 0x22, 0x22, 0x22, 0x22, 0x22, 0x22, 0x22, 0x22, 
    0x22, 0x22, 0x22, 0x22, 0x22, 0x22, 0x22, 0x22, 0x22, 0x22, 0x22, 0x22, 0x22, 0x22, 0x22, 0x22, 
    0x22, 0x22, 0x22, 0x22, 0x22, 0x22, 0x22, 0x22, 0x22, 0x22, 0x22, 0x22, 0x22, 0x22, 0x22, 0x22, 
    0x22, 0x22, 0x22, 0x22, 0x22, 0x22, 0x22, 0x20, 0x11, 0x11, 0x11, 0x11, 0x10, 0x22, 0x22, 0x22, 
    0x22, 0x22, 0x22, 0x22, 0x22, 0x22, 0x22, 0x22, 0x22, 0x22, 0x22, 0x22, 0x22, 0x22, 0x23, 0x33, 
    0x22, 0x22, 0x22, 0x00, 0x20, 0x22, 0x22, 0x23, 0x33, 0x22, 0x22, 0x22, 0x22, 0x22, 0x22, 0x22, 
    0x22, 0x22, 0x22, 0x12, 0x12, 0x22, 0x22, 0x22, 0x22, 0x22, 0x22, 0x22, 0x22, 0x22, 0x22, 0x22, 
    0x22, 0x22, 0x22, 0x22, 0x22, 0x22, 0x22, 0x22, 0x22, 0x22, 0x22, 0x22, 0x22, 0x22, 0x22, 0x22, 
    0x22, 0x22, 0x22, 0x22, 0x22, 0x22, 0x22, 0x22, 0x22, 0x22, 0x22, 0x22, 0x22, 0x22, 0x22, 0x22, 
    0x22, 0x22, 0x22, 0x22, 0x22, 0x22, 0x22, 0x22, 0x22, 0x22, 0x22, 0x22, 0x22, 0x22, 0x22, 0x22, 
    0x22, 0x22, 0x22, 0x22, 0x22, 0x22, 0x22, 0x22, 0x22, 0x22, 0x22, 0x22, 0x22, 0x22, 0x00, 0x00, 
    0x11, 0x11, 0x11, 0x11, 0x11, 0x00, 0x00, 0x22, 0x22, 0x22, 0x22, 0x22, 0x22, 0x22, 0x22, 0x22, 
    0x22, 0x22, 0x22, 0x22, 0x22, 0x22, 0x33, 0x33, 0x33, 0x22, 0x22, 0x20, 0x02, 0x22, 0x22, 0x33, 
    0x33, 0x32, 0x22, 0x22, 0x22, 0x22, 0x22, 0x22, 0x22, 0x22, 0x15, 0x55, 0x55, 0x52, 0x22, 0x22, 
    0x22, 0x22, 0x22, 0x22, 0x22, 0x22, 0x22, 0x22, 0x22, 0x22, 0x22, 0x22, 0x22, 0x22, 0x22, 0x22, 
    0x22, 0x22, 0x22, 0x22, 0x22, 0x22, 0x22, 0x22, 0x22, 0x22, 0x22, 0x22, 0x22, 0x22, 0x22, 0x22, 
    0x22, 0x22, 0x22, 0x22, 0x22, 0x22, 0x22, 0x22, 0x22, 0x22, 0x22, 0x22, 0x22, 0x22, 0x22, 0x22, 
    0x22, 0x22, 0x22, 0x22, 0x22, 0x22, 0x22, 0x22, 0x22, 0x22, 0x22, 0x22, 0x22, 0x22, 0x22, 0x22, 
    0x22, 0x22, 0x22, 0x22, 0x22, 0x20, 0x11, 0x11, 0x11, 0x11, 0x11, 0x11, 0x11, 0x11, 0x11, 0x02, 
    0x22, 0x22, 0x22, 0x22, 0x22, 0x22, 0x22, 0x22, 0x22, 0x22, 0x22, 0x22, 0x22, 0x22, 0x33, 0x33, 
    0x33, 0x32, 0x22, 0x20, 0x02, 0x22, 0x23, 0x33, 0x33, 0x33, 0x22, 0x22, 0x22, 0x22, 0x22, 0x22, 
    0x22, 0x22, 0x55, 0x55, 0x55, 0x55, 0x22, 0x22, 0x22, 0x22, 0x22, 0x22, 0x22, 0x22, 0x22, 0x22, 
    0x22, 0x22, 0x22, 0x22, 0x22, 0x22, 0x22, 0x22, 0x22, 0x22, 0x22, 0x22, 0x22, 0x22, 0x22, 0x22, 
    0x22, 0x22, 0x22, 0x22, 0x22, 0x22, 0x22, 0x22, 0x22, 0x22, 0x22, 0x22, 0x22, 0x22, 0x22, 0x22, 
    0x22, 0x22, 0x22, 0x22, 0x22, 0x22, 0x22, 0x22, 0x22, 0x22, 0x22, 0x22, 0x22, 0x22, 0x22, 0x22, 
    0x22, 0x22, 0x22, 0x22, 0x22, 0x22, 0x22, 0x22, 0x22, 0x22, 0x22, 0x22, 0x22, 0x01, 0x11, 0x11, 
    0x11, 0x11, 0x11, 0x11, 0x11, 0x11, 0x11, 0x10, 0x22, 0x22, 0x22, 0x22, 0x22, 0x22, 0x22, 0x22, 
    0x22, 0x22, 0x22, 0x22, 0x22, 0x22, 0x33, 0x33, 0x33, 0x33, 0x32, 0x20, 0x22, 0x23, 0x33, 0x33, 
    0x33, 0x33, 0x22, 0x22, 0x22, 0x22, 0x22, 0x22, 0x22, 0x25, 0x55, 0x55, 0x55, 0x55, 0x52, 0x22, 
    0x22, 0x22, 0x22, 0x22, 0x22, 0x22, 0x22, 0x22, 0x22, 0x22, 0x22, 0x22, 0x22, 0x22, 0x22, 0x22, 
    0x22, 0x22, 0x22, 0x22, 0x22, 0x22, 0x22, 0x22, 0x22, 0x22, 0x22, 0x22, 0x22, 0x22, 0x22, 0x22, 
    0x22, 0x22, 0x22, 0x22, 0x22, 0x22, 0x22, 0x22, 0x22, 0x22, 0x22, 0x22, 0x22, 0x22, 0x22, 0x22, 
    0x22, 0x22, 0x22, 0x22, 0x22, 0x22, 0x22, 0x22, 0x22, 0x22, 0x22, 0x22, 0x22, 0x22, 0x22, 0x22, 
    0x22, 0x22, 0x22, 0x22, 0x20, 0x11, 0x11, 0x11, 0x11, 0x13, 0x33, 0x31, 0x11, 0x11, 0x11, 0x11, 
    0x02, 0x22, 0x22, 0x22, 0x22, 0x22, 0x22, 0x22, 0x22, 0x22, 0x22, 0x22, 0x22, 0x22, 0x33, 0x33, 
    0x33, 0x33, 0x33, 0x20, 0x22, 0x33, 0x33, 0x33, 0x33, 0x32, 0x22, 0x22, 0x22, 0x22, 0x22, 0x22, 
    0x22, 0x25, 0x55, 0x55, 0x55, 0x55, 0x52, 0x22, 0x22, 0x22, 0x22, 0x22, 0x22, 0x22, 0x22, 0x22, 
    0x22, 0x22, 0x22, 0x22, 0x22, 0x22, 0x22, 0x22, 0x22, 0x22, 0x22, 0x22, 0x22, 0x22, 0x22, 0x22, 
    0x22, 0x22, 0x22, 0x22, 0x22, 0x22, 0x22, 0x22, 0x22, 0x22, 0x22, 0x22, 0x22, 0x22, 0x22, 0x22, 
    0x22, 0x22, 0x22, 0x22, 0x22, 0x22, 0x22, 0x22, 0x22, 0x22, 0x22, 0x22, 0x22, 0x22, 0x22, 0x22, 
    0x22, 0x22, 0x22, 0x22, 0x22, 0x22, 0x22, 0x22, 0x22, 0x22, 0x22, 0x22, 0x01, 0x11, 0x11, 0x11, 
    0x11, 0x33, 0x33, 0x33, 0x11, 0x11, 0x11, 0x11, 0x10, 0x22, 0x22, 0x22, 0x22, 0x22, 0x22, 0x22, 
    0x22, 0x22, 0x22, 0x22, 0x22, 0x22, 0x23, 0x33, 0x33, 0x33, 0x33, 0x20, 0x23, 0x33, 0x33, 0x33, 
    0x33, 0x32, 0x22, 0x22, 0x22, 0x22, 0x22, 0x22, 0x22, 0x15, 0x55, 0x55, 0x55, 0x55, 0x52, 0x22, 
    0x22, 0x22, 0x22, 0x22, 0x22, 0x22, 0x22, 0x22, 0x22, 0x22, 0x22, 0x22, 0x22, 0x22, 0x22, 0x22, 
    0x22, 0x22, 0x22, 0x22, 0x22, 0x22, 0x22, 0x22, 0x22, 0x22, 0x22, 0x22, 0x22, 0x22, 0x22, 0x22, 
    0x22, 0x22, 0x22, 0x22, 0x22, 0x22, 0x22, 0x22, 0x22, 0x22, 0x22, 0x22, 0x22, 0x22, 0x22, 0x22, 
    0x22, 0x22, 0x22, 0x22, 0x22, 0x22, 0x22, 0x22, 0x22, 0x22, 0x22, 0x22, 0x22, 0x22, 0x22, 0x22, 
    0x22, 0x22, 0x22, 0x22, 0x01, 0x11, 0x11, 0x11, 0x13, 0x33, 0x33, 0x33, 0x31, 0x11, 0x11, 0x11, 
    0x10, 0x22, 0x22, 0x22, 0x22, 0x22, 0x22, 0x22, 0x22, 0x22, 0x22, 0x22, 0x22, 0x22, 0x22, 0x33, 
    0x33, 0x33, 0x33, 0x30, 0x33, 0x33, 0x33, 0x33, 0x33, 0x22, 0x22, 0x22, 0x22, 0x22, 0x22, 0x22, 
    0x22, 0x15, 0x55, 0x55, 0x55, 0x55, 0x51, 0x22, 0x22, 0x22, 0x22, 0x22, 0x22, 0x22, 0x22, 0x22, 
    0x22, 0x22, 0x22, 0x22, 0x22, 0x22, 0x22, 0x22, 0x22, 0x22, 0x22, 0x22, 0x22, 0x22, 0x22, 0x22, 
    0x22, 0x22, 0x22, 0x22, 0x22, 0x22, 0x22, 0x22, 0x22, 0x22, 0x22, 0x22, 0x22, 0x22, 0x22, 0x22, 
    0x22, 0x22, 0x22, 0x22, 0x22, 0x22, 0x22, 0x22, 0x22, 0x22, 0x22, 0x22, 0x22, 0x22, 0x22, 0x22, 
    0x22, 0x22, 0x22, 0x22, 0x22, 0x22, 0x22, 0x22, 0x22, 0x22, 0x22, 0x22, 0x20, 0x11, 0x11, 0x11, 
    0x13, 0x33, 0x33, 0x33, 0x31, 0x11, 0x11, 0x11, 0x02, 0x22, 0x22, 0x22, 0x22, 0x22, 0x22, 0x22, 
    0x22, 0x22, 0x22, 0x22, 0x22, 0x22, 0x22, 0x22, 0x33, 0x33, 0x33, 0x30, 0x33, 0x33, 0x33, 0x33, 
    0x32, 0x22, 0x22, 0x22, 0x22, 0x22, 0x22, 0x11, 0x21, 0x15, 0x55, 0x55, 0x55, 0x55, 0x52, 0x55, 
    0x55, 0x22, 0x22, 0x22, 0x22, 0x22, 0x22, 0x22, 0x22, 0x22, 0x22, 0x22, 0x22, 0x22, 0x22, 0x22, 
    0x22, 0x22, 0x22, 0x22, 0x22, 0x22, 0x22, 0x22, 0x22, 0x22, 0x22, 0x22, 0x22, 0x22, 0x22, 0x22, 
    0x22, 0x22, 0x22, 0x22, 0x22, 0x22, 0x22, 0x22, 0x22, 0x22, 0x22, 0x22, 0x22, 0x22, 0x22, 0x22, 
    0x22, 0x22, 0x22, 0x22, 0x22, 0x22, 0x22, 0x22, 0x22, 0x22, 0x22, 0x22, 0x22, 0x22, 0x22, 0x22, 
    0x22, 0x22, 0x22, 0x22, 0x22, 0x01, 0x11, 0x11, 0x13, 0x33, 0x33, 0x33, 0x31, 0x11, 0x11, 0x11, 
    0x02, 0x22, 0x22, 0x22, 0x22, 0x22, 0x22, 0x22, 0x22, 0x22, 0x22, 0x22, 0x22, 0x22, 0x22, 0x22, 
    0x22, 0x33, 0x33, 0x00, 0x33, 0x33, 0x33, 0x33, 0x22, 0x22, 0x22, 0x22, 0x22, 0x22, 0x11, 0x55, 
    0x55, 0x15, 0x55, 0x55, 0x55, 0x55, 0x55, 0x55, 0x55, 0x52, 0x22, 0x22, 0x22, 0x22, 0x22, 0x22, 
    0x22, 0x22, 0x22, 0x22, 0x22, 0x22, 0x22, 0x22, 0x22, 0x22, 0x22, 0x22, 0x22, 0x22, 0x22, 0x22, 
    0x22, 0x22, 0x22, 0x22, 0x22, 0x22, 0x22, 0x22, 0x22, 0x22, 0x22, 0x22, 0x22, 0x22, 0x22, 0x22, 
    0x22, 0x22, 0x22, 0x22, 0x22, 0x22, 0x22, 0x22, 0x22, 0x22, 0x22, 0x22, 0x22, 0x22, 0x22, 0x22, 
    0x22, 0x22, 0x22, 0x22, 0x22, 0x22, 0x22, 0x22, 0x22, 0x22, 0x22, 0x22, 0x22, 0x20, 0x11, 0x11, 
    0x11, 0x33, 0x33, 0x33, 0x11, 0x11, 0x11, 0x00, 0x22, 0x22, 0x22, 0x22, 0x22, 0x22, 0x22, 0x22, 
    0x22, 0x22, 0x22, 0x22, 0x22, 0x22, 0x22, 0x22, 0x23, 0x33, 0x33, 0x00, 0x33, 0x33, 0x33, 0x22, 
    0x22, 0x22, 0x22, 0x22, 0x22, 0x22, 0x25, 0x55, 0x55, 0x55, 0x55, 0x55, 0x55, 0x55, 0x55, 0x55, 
    0x55, 0x55, 0x22, 0x22, 0x22, 0x22, 0x22, 0x22, 0x22, 0x22, 0x22, 0x22, 0x22, 0x22, 0x22, 0x22, 
    0x22, 0x22, 0x22, 0x22, 0x22, 0x22, 0x22, 0x22, 0x22, 0x22, 0x22, 0x22, 0x22, 0x22, 0x22, 0x22, 
    0x22, 0x22, 0x22, 0x22, 0x22, 0x22, 0x22, 0x22, 0x22, 0x22, 0x22, 0x22, 0x22, 0x22, 0x22, 0x22, 
    0x22, 0x22, 0x22, 0x22, 0x22, 0x22, 0x22, 0x22, 0x22, 0x22, 0x22, 0x22, 0x22, 0x22, 0x22, 0x22, 
    0x22, 0x22, 0x22, 0x22, 0x22, 0x22, 0x01, 0x11, 0x11, 0x13, 0x33, 0x31, 0x11, 0x11, 0x10, 0x02, 
    0x22, 0x22, 0x22, 0x22, 0x22, 0x22, 0x22, 0x22, 0x22, 0x22, 0x22, 0x22, 0x22, 0x22, 0x22, 0x22, 
    0x33, 0x33, 0x33, 0x00, 0x33, 0x33, 0x33, 0x22, 0x22, 0x22, 0x22, 0x22, 0x22, 0x22, 0x55, 0x55, 
    0x55, 0x55, 0x51, 0x51, 0x15, 0x55, 0x55, 0x55, 0x55, 0x55, 0x52, 0x22, 0x22, 0x22, 0x22, 0x22, 
    0x22, 0x22, 0x22, 0x22, 0x22, 0x22, 0x22, 0x22, 0x22, 0x22, 0x22, 0x22, 0x22, 0x22, 0x22, 0x22, 
    0x22, 0x22, 0x22, 0x22, 0x22, 0x22, 0x22, 0x22, 0x22, 0x22, 0x22, 0x22, 0x22, 0x22, 0x22, 0x22, 
    0x22, 0x22, 0x22, 0x22, 0x22, 0x22, 0x22, 0x22, 0x22, 0x22, 0x22, 0x22, 0x22, 0x22, 0x22, 0x22, 
    0x22, 0x22, 0x22, 0x22, 0x22, 0x22, 0x22, 0x22, 0x22, 0x22, 0x22, 0x22, 0x22, 0x22, 0x20, 0x11, 
    0x11, 0x11, 0x11, 0x11, 0x11, 0x11, 0x11, 0x02, 0x22, 0x22, 0x22, 0x22, 0x22, 0x22, 0x22, 0x22, 
    0x22, 0x22, 0x22, 0x22, 0x22, 0x22, 0x22, 0x22, 0x33, 0x33, 0x33, 0x32, 0x33, 0x33, 0x33, 0x22, 
    0x22, 0x22, 0x22, 0x22, 0x22, 0x25, 0x55, 0x55, 0x55, 0x55, 0x51, 0x11, 0x11, 0x55, 0x55, 0x55, 
    0x55, 0x55, 0x52, 0x22, 0x22, 0x22, 0x22, 0x22, 0x22, 0x22, 0x22, 0x22, 0x22, 0x22, 0x22, 0x22, 
    0x22, 0x22, 0x22, 0x22, 0x22, 0x22, 0x22, 0x22, 0x22, 0x22, 0x22, 0x22, 0x22, 0x22, 0x22, 0x22, 
    0x22, 0x22, 0x22, 0x22, 0x22, 0x22, 0x22, 0x22, 0x22, 0x22, 0x22, 0x22, 0x22, 0x22, 0x22, 0x22, 
    0x22, 0x22, 0x22, 0x22, 0x22, 0x22, 0x22, 0x22, 0x22, 0x22, 0x22, 0x22, 0x22, 0x22, 0x22, 0x22, 
    0x22, 0x22, 0x22, 0x22, 0x22, 0x22, 0x20, 0x11, 0x11, 0x11, 0x11, 0x11, 0x11, 0x11, 0x11, 0x02, 
    0x22, 0x22, 0x22, 0x22, 0x22, 0x22, 0x22, 0x22, 0x22, 0x22, 0x22, 0x22, 0x22, 0x22, 0x22, 0x22, 
    0x33, 0x33, 0x32, 0x22, 0x33, 0x33, 0x33, 0x22, 0x22, 0x22, 0x22, 0x22, 0x22, 0x25, 0x55, 0x55, 
    0x55, 0x55, 0x11, 0x11, 0x11, 0x55, 0x55, 0x55, 0x55, 0x55, 0x52, 0x22, 0x22, 0x22, 0x22, 0x22, 
    0x22, 0x22, 0x22, 0x22, 0x22, 0x22, 0x22, 0x22, 0x22, 0x22, 0x22, 0x22, 0x22, 0x22, 0x22, 0x22, 
    0x22, 0x22, 0x22, 0x22, 0x22, 0x22, 0x22, 0x22, 0x22, 0x22, 0x22, 0x22, 0x22, 0x22, 0x22, 0x22, 
    0x22, 0x22, 0x22, 0x22, 0x22, 0x22, 0x22, 0x22, 0x22, 0x22, 0x22, 0x22, 0x22, 0x22, 0x22, 0x22, 
    0x22, 0x22, 0x22, 0x22, 0x22, 0x22, 0x22, 0x22, 0x22, 0x22, 0x22, 0x22, 0x22, 0x22, 0x20, 0x11, 
    0x11, 0x11, 0x11, 0x11, 0x11, 0x11, 0x11, 0x10, 0x22, 0x22, 0x22, 0x22, 0x22, 0x22, 0x22, 0x22, 
    0x22, 0x22, 0x22, 0x22, 0x22, 0x22, 0x22, 0x22, 0x33, 0x33, 0x22, 0x22, 0x23, 0x33, 0x33, 0x22, 
    0x22, 0x22, 0x22, 0x22, 0x22, 0x25, 0x55, 0x55, 0x55, 0x55, 0x11, 0x11, 0x11, 0x15, 0x55, 0x55, 
    0x55, 0x55, 0x62, 0x22, 0x22, 0x22, 0x22, 0x22, 0x22, 0x22, 0x22, 0x22, 0x22, 0x22, 0x22, 0x22, 
    0x22, 0x22, 0x22, 0x22, 0x22, 0x22, 0x22, 0x22, 0x22, 0x22, 0x22, 0x22, 0x22, 0x22, 0x22, 0x22, 
    0x22, 0x22, 0x22, 0x22, 0x22, 0x22, 0x22, 0x22, 0x22, 0x22, 0x22, 0x22, 0x22, 0x22, 0x22, 0x22, 
    0x22, 0x22, 0x22, 0x22, 0x22, 0x22, 0x22, 0x22, 0x22, 0x22, 0x22, 0x22, 0x22, 0x22, 0x22, 0x22, 
    0x22, 0x22, 0x22, 0x22, 0x22, 0x22, 0x01, 0x11, 0x11, 0x11, 0x11, 0x11, 0x11, 0x11, 0x11, 0x10, 
    0x22, 0x22, 0x22, 0x22, 0x22, 0x22, 0x22, 0x22, 0x22, 0x22, 0x22, 0x22, 0x22, 0x22, 0x22, 0x22, 
    0x22, 0x22, 0x22, 0x22, 0x22, 0x33, 0x32, 0x22, 0x22, 0x22, 0x22, 0x22, 0x22, 0x26, 0x55, 0x55, 
    0x55, 0x55, 0x51, 0x11, 0x11, 0x15, 0x55, 0x55, 0x55, 0x52, 0x22, 0x22, 0x22, 0x22, 0x22, 0x22, 
    0x22, 0x22, 0x22, 0x22, 0x22, 0x22, 0x22, 0x22, 0x22, 0x22, 0x22, 0x22, 0x22, 0x22, 0x22, 0x22, 
    0x22, 0x22, 0x22, 0x22, 0x22, 0x22, 0x22, 0x22, 0x22, 0x22, 0x22, 0x22, 0x22, 0x22, 0x22, 0x22, 
    0x22, 0x22, 0x22, 0x22, 0x22, 0x22, 0x22, 0x22, 0x22, 0x22, 0x22, 0x22, 0x22, 0x22, 0x22, 0x22, 
    0x22, 0x22, 0x22, 0x22, 0x22, 0x22, 0x22, 0x22, 0x22, 0x22, 0x22, 0x22, 0x22, 0x22, 0x01, 0x11, 
    0x11, 0x11, 0x11, 0x11, 0x11, 0x11, 0x11, 0x10, 0x22, 0x22, 0x22, 0x22, 0x22, 0x22, 0x22, 0x22, 
    0x22, 0x22, 0x22, 0x22, 0x22, 0x22, 0x22, 0x22, 0x22, 0x22, 0x22, 0x22, 0x22, 0x22, 0x22, 0x22, 
    0x22, 0x22, 0x22, 0x22, 0x22, 0x22, 0x25, 0x55, 0x55, 0x55, 0x51, 0x11, 0x11, 0x55, 0x55, 0x55, 
    0x12, 0x22, 0x22, 0x22, 0x22, 0x22, 0x22, 0x22, 0x22, 0x22, 0x22, 0x22, 0x22, 0x22, 0x22, 0x22, 
    0x22, 0x22, 0x22, 0x22, 0x22, 0x22, 0x22, 0x22, 0x22, 0x22, 0x22, 0x22, 0x22, 0x22, 0x22, 0x22, 
    0x22, 0x22, 0x22, 0x22, 0x22, 0x22, 0x22, 0x22, 0x22, 0x22, 0x22, 0x22, 0x22, 0x22, 0x22, 0x22, 
    0x22, 0x22, 0x22, 0x22, 0x22, 0x22, 0x22, 0x22, 0x22, 0x22, 0x22, 0x22, 0x22, 0x22, 0x22, 0x22, 
    0x22, 0x22, 0x22, 0x22, 0x22, 0x22, 0x01, 0x11, 0x11, 0x11, 0x11, 0x11, 0x11, 0x11, 0x11, 0x02, 
    0x22, 0x22, 0x22, 0x22, 0x22, 0x22, 0x22, 0x22, 0x22, 0x22, 0x23, 0x21, 0x22, 0x12, 0x21, 0x22, 
    0x22, 0x22, 0x22, 0x22, 0x22, 0x22, 0x22, 0x22, 0x22, 0x22, 0x22, 0x22, 0x22, 0x22, 0x22, 0x55, 
    0x55, 0x55, 0x55, 0x55, 0x55, 0x55, 0x55, 0x55, 0x12, 0x22, 0x22, 0x22, 0x22, 0x22, 0x22, 0x22, 
    0x22, 0x22, 0x22, 0x22, 0x22, 0x22, 0x22, 0x22, 0x22, 0x22, 0x22, 0x22, 0x22, 0x22, 0x22, 0x22, 
    0x22, 0x22, 0x22, 0x22, 0x22, 0x22, 0x22, 0x22, 0x22, 0x22, 0x22, 0x22, 0x22, 0x22, 0x22, 0x22, 
    0x22, 0x22, 0x22, 0x22, 0x22, 0x22, 0x22, 0x22, 0x22, 0x22, 0x22, 0x22, 0x22, 0x22, 0x22, 0x22, 
    0x22, 0x22, 0x22, 0x22, 0x22, 0x22, 0x22, 0x22, 0x22, 0x22, 0x22, 0x22, 0x22, 0x22, 0x01, 0x11, 
    0x11, 0x11, 0x11, 0x00, 0x11, 0x11, 0x00, 0x22, 0x22, 0x22, 0x22, 0x22, 0x22, 0x22, 0x22, 0x22, 
    0x22, 0x21, 0x21, 0x13, 0x11, 0x31, 0x51, 0x31, 0x22, 0x22, 0x22, 0x22, 0x22, 0x22, 0x22, 0x22, 
    0x22, 0x22, 0x22, 0x22, 0x22, 0x22, 0x22, 0x21, 0x15, 0x55, 0x55, 0x55, 0x55, 0x55, 0x55, 0x55, 
    0x51, 0x22, 0x22, 0x22, 0x22, 0x22, 0x22, 0x22, 0x22, 0x22, 0x22, 0x22, 0x22, 0x22, 0x22, 0x22, 
    0x22, 0x22, 0x22, 0x22, 0x22, 0x22, 0x22, 0x22, 0x22, 0x22, 0x22, 0x22, 0x22, 0x22, 0x22, 0x22, 
    0x22, 0x22, 0x22, 0x22, 0x22, 0x22, 0x22, 0x22, 0x22, 0x22, 0x22, 0x22, 0x22, 0x22, 0x22, 0x22, 
    0x22, 0x22, 0x22, 0x22, 0x22, 0x22, 0x22, 0x22, 0x22, 0x22, 0x22, 0x22, 0x22, 0x22, 0x22, 0x22, 
    0x22, 0x22, 0x22, 0x22, 0x22, 0x22, 0x20, 0x11, 0x11, 0x11, 0x00, 0x22, 0x00, 0x00, 0x02, 0x22, 
    0x22, 0x22, 0x22, 0x22, 0x22, 0x22, 0x22, 0x21, 0x31, 0x31, 0x13, 0x11, 0x31, 0x11, 0x31, 0x11, 
    0x13, 0x12, 0x22, 0x22, 0x22, 0x22, 0x22, 0x22, 0x22, 0x22, 0x22, 0x22, 0x22, 0x22, 0x22, 0x21, 
    0x55, 0x55, 0x55, 0x55, 0x55, 0x55, 0x55, 0x55, 0x55, 0x22, 0x22, 0x22, 0x22, 0x22, 0x22, 0x22, 
    0x22, 0x22, 0x22, 0x22, 0x22, 0x22, 0x22, 0x22, 0x22, 0x22, 0x22, 0x22, 0x22, 0x22, 0x22, 0x22, 
    0x22, 0x22, 0x22, 0x22, 0x22, 0x22, 0x22, 0x22, 0x22, 0x22, 0x22, 0x22, 0x22, 0x22, 0x22, 0x22, 
    0x22, 0x22, 0x22, 0x22, 0x22, 0x22, 0x22, 0x22, 0x22, 0x22, 0x22, 0x22, 0x22, 0x22, 0x22, 0x22, 
    0x22, 0x22, 0x22, 0x22, 0x22, 0x22, 0x22, 0x22, 0x22, 0x22, 0x22, 0x22, 0x22, 0x22, 0x22, 0x00, 
    0x11, 0x00, 0x22, 0x22, 0x22, 0x22, 0x22, 0x22, 0x22, 0x22, 0x22, 0x22, 0x22, 0x22, 0x21, 0x11, 
    0x11, 0x11, 0x31, 0x11, 0x11, 0x31, 0x11, 0x31, 0x11, 0x15, 0x21, 0x22, 0x22, 0x22, 0x22, 0x22, 
    0x22, 0x22, 0x22, 0x22, 0x22, 0x22, 0x22, 0x22, 0x55, 0x55, 0x55, 0x55, 0x55, 0x55, 0x55, 0x55, 
    0x55, 0x12, 0x22, 0x22, 0x22, 0x22, 0x22, 0x22, 0x22, 0x22, 0x22, 0x22, 0x22, 0x22, 0x22, 0x22, 
    0x22, 0x22, 0x22, 0x22, 0x22, 0x22, 0x22, 0x22, 0x22, 0x22, 0x22, 0x22, 0x22, 0x22, 0x22, 0x22, 
    0x22, 0x22, 0x22, 0x22, 0x22, 0x22, 0x22, 0x22, 0x22, 0x22, 0x22, 0x22, 0x22, 0x22, 0x22, 0x22, 
    0x22, 0x22, 0x22, 0x22, 0x22, 0x22, 0x22, 0x22, 0x22, 0x22, 0x22, 0x22, 0x22, 0x22, 0x22, 0x22, 
    0x22, 0x22, 0x22, 0x22, 0x22, 0x22, 0x22, 0x22, 0x00, 0x22, 0x22, 0x22, 0x22, 0x22, 0x22, 0x22, 
    0x22, 0x22, 0x22, 0x22, 0x22, 0x21, 0x23, 0x13, 0x13, 0x11, 0x13, 0x13, 0x13, 0x11, 0x31, 0x13, 
    0x13, 0x11, 0x11, 0x32, 0x22, 0x22, 0x22, 0x22, 0x22, 0x22, 0x22, 0x22, 0x22, 0x22, 0x22, 0x25, 
    0x55, 0x55, 0x55, 0x55, 0x55, 0x55, 0x55, 0x55, 0x55, 0x12, 0x22, 0x22, 0x22, 0x22, 0x22, 0x22, 
    0x22, 0x22, 0x22, 0x22, 0x22, 0x22, 0x22, 0x22, 0x22, 0x22, 0x22, 0x22, 0x22, 0x22, 0x22, 0x22, 
    0x22, 0x22, 0x22, 0x22, 0x22, 0x22, 0x22, 0x22, 0x22, 0x22, 0x22, 0x22, 0x22, 0x22, 0x22, 0x22, 
    0x22, 0x22, 0x22, 0x22, 0x22, 0x22, 0x22, 0x22, 0x22, 0x22, 0x22, 0x22, 0x22, 0x22, 0x22, 0x22, 
    0x22, 0x22, 0x22, 0x22, 0x22, 0x22, 0x22, 0x22, 0x22, 0x22, 0x22, 0x22, 0x22, 0x22, 0x22, 0x22, 
    0x22, 0x22, 0x22, 0x22, 0x22, 0x22, 0x22, 0x22, 0x22, 0x22, 0x22, 0x22, 0x21, 0x51, 0x11, 0x11, 
    0x11, 0x31, 0x11, 0x11, 0x11, 0x11, 0x11, 0x11, 0x11, 0x31, 0x31, 0x11, 0x22, 0x22, 0x22, 0x22, 
    0x22, 0x22, 0x22, 0x22, 0x22, 0x22, 0x22, 0x15, 0x55, 0x55, 0x55, 0x55, 0x15, 0x55, 0x55, 0x55, 
    0x56, 0x22, 0x22, 0x22, 0x22, 0x22, 0x22, 0x22, 0x22, 0x22, 0x22, 0x22, 0x22, 0x22, 0x22, 0x22, 
    0x22, 0x22, 0x22, 0x22, 0x22, 0x22, 0x22, 0x22, 0x22, 0x22, 0x22, 0x22, 0x22, 0x22, 0x22, 0x22, 
    0x22, 0x22, 0x22, 0x22, 0x22, 0x22, 0x22, 0x22, 0x22, 0x22, 0x22, 0x22, 0x22, 0x22, 0x22, 0x22, 
    0x22, 0x22, 0x22, 0x22, 0x22, 0x22, 0x22, 0x22, 0x22, 0x22, 0x22, 0x22, 0x22, 0x22, 0x22, 0x22, 
    0x22, 0x22, 0x22, 0x22, 0x22, 0x22, 0x22, 0x22, 0x22, 0x22, 0x22, 0x22, 0x22, 0x22, 0x22, 0x22, 
    0x22, 0x22, 0x22, 0x23, 0x13, 0x13, 0x13, 0x13, 0x15, 0x11, 0x31, 0x53, 0x13, 0x13, 0x13, 0x13, 
    0x15, 0x11, 0x11, 0x31, 0x11, 0x32, 0x22, 0x22, 0x22, 0x22, 0x22, 0x22, 0x22, 0x22, 0x22, 0x25, 
    0x55, 0x55, 0x55, 0x55, 0x55, 0x55, 0x55, 0x55, 0x21, 0x22, 0x22, 0x22, 0x22, 0x22, 0x22, 0x22, 
    0x22, 0x22, 0x22, 0x22, 0x22, 0x22, 0x22, 0x22, 0x22, 0x22, 0x22, 0x22, 0x22, 0x22, 0x22, 0x22, 
    0x22, 0x22, 0x22, 0x22, 0x22, 0x22, 0x22, 0x22, 0x22, 0x22, 0x22, 0x22, 0x22, 0x22, 0x22, 0x22, 
    0x22, 0x22, 0x22, 0x22, 0x22, 0x22, 0x22, 0x22, 0x22, 0x22, 0x22, 0x22, 0x22, 0x22, 0x22, 0x22, 
    0x22, 0x22, 0x22, 0x22, 0x22, 0x22, 0x22, 0x22, 0x22, 0x22, 0x22, 0x22, 0x22, 0x22, 0x22, 0x22, 
    0x22, 0x22, 0x22, 0x22, 0x22, 0x22, 0x22, 0x22, 0x22, 0x22, 0x21, 0x21, 0x11, 0x11, 0x11, 0x11, 
    0x11, 0x31, 0x13, 0x11, 0x11, 0x15, 0x11, 0x15, 0x11, 0x31, 0x31, 0x15, 0x13, 0x12, 0x22, 0x22, 
    0x22, 0x22, 0x22, 0x22, 0x22, 0x22, 0x22, 0x25, 0x55, 0x55, 0x55, 0x55, 0x21, 0x15, 0x55, 0x56, 
    0x12, 0x22, 0x22, 0x22, 0x22, 0x22, 0x22, 0x22, 0x22, 0x22, 0x22, 0x22, 0x22, 0x22, 0x22, 0x22, 
    0x22, 0x22, 0x22, 0x22, 0x22, 0x22, 0x22, 0x22, 0x22, 0x22, 0x22, 0x22, 0x22, 0x22, 0x22, 0x22, 
    0x22, 0x22, 0x22, 0x22, 0x22, 0x22, 0x22, 0x22, 0x22, 0x22, 0x22, 0x22, 0x22, 0x22, 0x22, 0x22, 
    0x22, 0x22, 0x22, 0x22, 0x22, 0x22, 0x22, 0x22, 0x22, 0x22, 0x22, 0x22, 0x22, 0x22, 0x22, 0x22, 
    0x22, 0x22, 0x22, 0x22, 0x22, 0x22, 0x22, 0x22, 0x22, 0x22, 0x22, 0x22, 0x22, 0x22, 0x22, 0x22, 
    0x22, 0x22, 0x51, 0x15, 0x13, 0x13, 0x13, 0x13, 0x13, 0x11, 0x11, 0x13, 0x15, 0x11, 0x31, 0x31, 
    0x11, 0x11, 0x15, 0x12, 0x11, 0x11, 0x22, 0x22, 0x22, 0x22, 0x22, 0x22, 0x22, 0x22, 0x22, 0x25, 
    0x55, 0x55, 0x55, 0x52, 0x22, 0x22, 0x21, 0x12, 0x22, 0x22, 0x22, 0x22, 0x22, 0x22, 0x22, 0x22, 
    0x22, 0x22, 0x22, 0x22, 0x22, 0x22, 0x22, 0x22, 0x22, 0x22, 0x22, 0x22, 0x22, 0x22, 0x22, 0x22, 
    0x22, 0x22, 0x22, 0x22, 0x22, 0x22, 0x22, 0x22, 0x22, 0x22, 0x22, 0x22, 0x22, 0x22, 0x22, 0x22, 
    0x22, 0x22, 0x22, 0x22, 0x22, 0x22, 0x22, 0x22, 0x22, 0x22, 0x22, 0x22, 0x22, 0x22, 0x22, 0x22, 
    0x22, 0x22, 0x22, 0x22, 0x22, 0x22, 0x22, 0x22, 0x22, 0x22, 0x22, 0x22, 0x22, 0x22, 0x22, 0x22, 
    0x22, 0x22, 0x22, 0x22, 0x22, 0x22, 0x22, 0x22, 0x22, 0x21, 0x13, 0x13, 0x11, 0x11, 0x11, 0x51, 
    0x11, 0x13, 0x13, 0x11, 0x13, 0x11, 0x11, 0x11, 0x31, 0x31, 0x13, 0x11, 0x31, 0x31, 0x22, 0x22, 
    0x22, 0x22, 0x22, 0x22, 0x22, 0x22, 0x22, 0x22, 0x25, 0x55, 0x55, 0x62, 0x22, 0x22, 0x22, 0x22, 
    0x22, 0x22, 0x22, 0x22, 0x22, 0x22, 0x22, 0x22, 0x22, 0x22, 0x22, 0x22, 0x22, 0x22, 0x22, 0x22, 
    0x22, 0x22, 0x22, 0x22, 0x22, 0x22, 0x22, 0x22, 0x22, 0x22, 0x22, 0x22, 0x22, 0x22, 0x22, 0x22, 
    0x22, 0x22, 0x22, 0x22, 0x22, 0x22, 0x22, 0x22, 0x22, 0x22, 0x22, 0x22, 0x22, 0x22, 0x22, 0x22, 
    0x22, 0x22, 0x22, 0x22, 0x22, 0x22, 0x22, 0x22, 0x22, 0x22, 0x22, 0x22, 0x22, 0x21, 0x22, 0x22, 
    0x22, 0x22, 0x22, 0x22, 0x22, 0x22, 0x22, 0x22, 0x22, 0x22, 0x22, 0x22, 0x22, 0x22, 0x22, 0x22, 
    0x22, 0x52, 0x11, 0x11, 0x13, 0x13, 0x11, 0x13, 0x13, 0x11, 0x11, 0x51, 0x31, 0x13, 0x13, 0x11, 
    0x11, 0x13, 0x11, 0x11, 0x11, 0x13, 0x12, 0x22, 0x22, 0x22, 0x22, 0x22, 0x22, 0x22, 0x22, 0x22, 
    0x22, 0x22, 0x22, 0x22, 0x22, 0x22, 0x22, 0x22, 0x22, 0x22, 0x22, 0x22, 0x22, 0x22, 0x22, 0x22, 
    0x22, 0x22, 0x22, 0x22, 0x22, 0x22, 0x22, 0x22, 0x22, 0x22, 0x22, 0x22, 0x22, 0x22, 0x22, 0x22, 
    0x22, 0x22, 0x22, 0x22, 0x22, 0x22, 0x22, 0x22, 0x22, 0x22, 0x22, 0x22, 0x22, 0x22, 0x22, 0x22, 
    0x22, 0x22, 0x22, 0x22, 0x22, 0x22, 0x22, 0x22, 0x22, 0x22, 0x22, 0x22, 0x22, 0x22, 0x22, 0x22, 
    0x22, 0x22, 0x22, 0x22, 0x21, 0x25, 0x00, 0x22, 0x22, 0x22, 0x22, 0x22, 0x22, 0x22, 0x22, 0x22, 
    0x22, 0x22, 0x22, 0x22, 0x22, 0x22, 0x22, 0x22, 0x21, 0x11, 0x31, 0x31, 0x11, 0x11, 0x53, 0x11, 
    0x11, 0x51, 0x31, 0x11, 0x11, 0x31, 0x11, 0x31, 0x31, 0x11, 0x13, 0x13, 0x13, 0x11, 0x12, 0x22, 
    0x22, 0x22, 0x22, 0x22, 0x22, 0x22, 0x22, 0x22, 0x22, 0x22, 0x22, 0x22, 0x22, 0x22, 0x22, 0x22, 
    0x22, 0x22, 0x22, 0x22, 0x22, 0x22, 0x22, 0x22, 0x22, 0x22, 0x22, 0x22, 0x22, 0x22, 0x22, 0x22, 
    0x22, 0x22, 0x22, 0x22, 0x22, 0x22, 0x22, 0x22, 0x22, 0x22, 0x22, 0x22, 0x22, 0x22, 0x22, 0x22, 
    0x22, 0x22, 0x22, 0x22, 0x22, 0x22, 0x22, 0x22, 0x22, 0x22, 0x22, 0x22, 0x22, 0x22, 0x22, 0x22, 
    0x22, 0x22, 0x22, 0x22, 0x22, 0x22, 0x22, 0x22, 0x22, 0x22, 0x22, 0x22, 0x20, 0x00, 0x00, 0x01, 
    0x22, 0x22, 0x22, 0x22, 0x22, 0x22, 0x22, 0x22, 0x22, 0x22, 0x22, 0x22, 0x22, 0x22, 0x22, 0x22, 
    0x51, 0x31, 0x11, 0x13, 0x13, 0x13, 0x11, 0x13, 0x11, 0x31, 0x13, 0x13, 0x11, 0x11, 0x31, 0x11, 
    0x13, 0x13, 0x11, 0x11, 0x11, 0x15, 0x12, 0x22, 0x22, 0x22, 0x22, 0x22, 0x22, 0x22, 0x22, 0x22, 
    0x22, 0x22, 0x22, 0x22, 0x22, 0x22, 0x22, 0x22, 0x22, 0x22, 0x22, 0x22, 0x22, 0x22, 0x22, 0x22, 
    0x22, 0x22, 0x22, 0x22, 0x22, 0x22, 0x22, 0x22, 0x22, 0x22, 0x22, 0x22, 0x22, 0x22, 0x22, 0x22, 
    0x22, 0x22, 0x22, 0x22, 0x22, 0x22, 0x22, 0x22, 0x22, 0x22, 0x22, 0x22, 0x22, 0x22, 0x22, 0x22, 
    0x22, 0x22, 0x22, 0x22, 0x22, 0x22, 0x22, 0x22, 0x22, 0x22, 0x22, 0x22, 0x22, 0x22, 0x22, 0x22, 
    0x22, 0x22, 0x22, 0x10, 0x00, 0x01, 0x11, 0x00, 0x22, 0x22, 0x22, 0x22, 0x22, 0x22, 0x22, 0x22, 
    0x22, 0x22, 0x22, 0x22, 0x22, 0x22, 0x22, 0x21, 0x11, 0x13, 0x13, 0x11, 0x11, 0x11, 0x13, 0x11, 
    0x31, 0x11, 0x11, 0x11, 0x31, 0x31, 0x11, 0x31, 0x51, 0x11, 0x51, 0x31, 0x15, 0x31, 0x12, 0x22, 
    0x22, 0x22, 0x22, 0x22, 0x22, 0x22, 0x22, 0x22, 0x22, 0x22, 0x22, 0x22, 0x22, 0x22, 0x22, 0x22, 
    0x22, 0x22, 0x22, 0x22, 0x22, 0x22, 0x22, 0x22, 0x22, 0x22, 0x22, 0x22, 0x22, 0x22, 0x22, 0x22, 
    0x22, 0x22, 0x22, 0x22, 0x22, 0x22, 0x22, 0x22, 0x22, 0x22, 0x22, 0x22, 0x22, 0x22, 0x22, 0x22, 
    0x22, 0x22, 0x22, 0x22, 0x22, 0x22, 0x22, 0x22, 0x22, 0x22, 0x22, 0x22, 0x22, 0x22, 0x22, 0x22, 
    0x22, 0x22, 0x22, 0x22, 0x22, 0x22, 0x22, 0x22, 0x22, 0x22, 0x21, 0x00, 0x01, 0x11, 0x11, 0x10, 
    0x01, 0x22, 0x22, 0x22, 0x22, 0x22, 0x22, 0x22, 0x22, 0x22, 0x22, 0x22, 0x22, 0x22, 0x22, 0x51, 
    0x31, 0x11, 0x11, 0x51, 0x31, 0x51, 0x31, 0x11, 0x11, 0x31, 0x31, 0x31, 0x11, 0x15, 0x13, 0x11, 
    0x13, 0x11, 0x31, 0x11, 0x00, 0x00, 0x01, 0x22, 0x22, 0x22, 0x22, 0x21, 0x22, 0x22, 0x22, 0x22, 
    0x22, 0x22, 0x22, 0x22, 0x22, 0x22, 0x22, 0x22, 0x22, 0x22, 0x22, 0x22, 0x22, 0x22, 0x22, 0x22, 
    0x22, 0x22, 0x22, 0x22, 0x22, 0x22, 0x22, 0x22, 0x22, 0x22, 0x22, 0x22, 0x22, 0x22, 0x22, 0x22, 
    0x22, 0x22, 0x22, 0x22, 0x22, 0x22, 0x22, 0x22, 0x22, 0x22, 0x22, 0x22, 0x22, 0x22, 0x22, 0x22, 
    0x22, 0x22, 0x22, 0x22, 0x22, 0x22, 0x22, 0x22, 0x22, 0x22, 0x22, 0x22, 0x22, 0x22, 0x22, 0x22, 
    0x22, 0x22, 0x10, 0x00, 0x11, 0x11, 0x11, 0x10, 0x02, 0x22, 0x22, 0x22, 0x22, 0x22, 0x22, 0x22, 
    0x22, 0x22, 0x22, 0x22, 0x22, 0x22, 0x12, 0x11, 0x13, 0x13, 0x13, 0x11, 0x13, 0x11, 0x11, 0x31, 
    0x31, 0x11, 0x11, 0x15, 0x13, 0x11, 0x11, 0x13, 0x11, 0x13, 0x11, 0x10, 0x66, 0x66, 0x00, 0x11, 
    0x22, 0x22, 0x22, 0x20, 0x01, 0x22, 0x22, 0x22, 0x22, 0x22, 0x22, 0x22, 0x22, 0x22, 0x22, 0x22, 
    0x22, 0x22, 0x22, 0x22, 0x22, 0x22, 0x22, 0x22, 0x22, 0x22, 0x22, 0x22, 0x22, 0x22, 0x22, 0x22, 
    0x22, 0x22, 0x22, 0x22, 0x22, 0x22, 0x21, 0x22, 0x22, 0x22, 0x22, 0x22, 0x22, 0x22, 0x22, 0x22, 
    0x22, 0x22, 0x22, 0x22, 0x22, 0x22, 0x22, 0x22, 0x22, 0x22, 0x22, 0x22, 0x22, 0x22, 0x22, 0x22, 
    0x22, 0x22, 0x22, 0x22, 0x22, 0x22, 0x22, 0x22, 0x22, 0x21, 0x00, 0x01, 0x11, 0x11, 0x11, 0x11, 
    0x00, 0x12, 0x22, 0x22, 0x22, 0x22, 0x22, 0x22, 0x22, 0x22, 0x22, 0x22, 0x22, 0x22, 0x31, 0x31, 
    0x11, 0x11, 0x11, 0x13, 0x11, 0x13, 0x11, 0x11, 0x15, 0x13, 0x13, 0x11, 0x31, 0x13, 0x13, 0x11, 
    0x13, 0x11, 0x11, 0x00, 0x66, 0x66, 0x66, 0x01, 0x12, 0x22, 0x22, 0x10, 0x02, 0x22, 0x12, 0x22, 
    0x22, 0x22, 0x22, 0x22, 0x22, 0x22, 0x22, 0x22, 0x22, 0x22, 0x22, 0x22, 0x22, 0x22, 0x22, 0x22, 
    0x22, 0x22, 0x22, 0x22, 0x22, 0x22, 0x22, 0x22, 0x22, 0x22, 0x22, 0x22, 0x22, 0x22, 0x22, 0x22, 
    0x22, 0x22, 0x22, 0x22, 0x22, 0x22, 0x22, 0x22, 0x22, 0x22, 0x22, 0x22, 0x22, 0x22, 0x22, 0x22, 
    0x22, 0x22, 0x22, 0x22, 0x22, 0x22, 0x22, 0x22, 0x22, 0x22, 0x22, 0x22, 0x22, 0x22, 0x22, 0x22, 
    0x22, 0x10, 0x05, 0x11, 0x11, 0x13, 0x13, 0x11, 0x50, 0x12, 0x22, 0x22, 0x22, 0x22, 0x22, 0x22, 
    0x22, 0x22, 0x22, 0x22, 0x22, 0x21, 0x11, 0x13, 0x13, 0x13, 0x13, 0x11, 0x13, 0x11, 0x31, 0x31, 
    0x31, 0x11, 0x11, 0x31, 0x11, 0x31, 0x11, 0x31, 0x11, 0x31, 0x11, 0x06, 0x66, 0x66, 0x66, 0x00, 
    0x12, 0x22, 0x22, 0x20, 0x12, 0x21, 0x00, 0x22, 0x22, 0x22, 0x22, 0x22, 0x22, 0x22, 0x22, 0x22, 
    0x22, 0x22, 0x22, 0x22, 0x22, 0x22, 0x22, 0x22, 0x22, 0x22, 0x22, 0x22, 0x22, 0x22, 0x22, 0x22, 
    0x22, 0x22, 0x22, 0x22, 0x22, 0x11, 0x21, 0x12, 0x22, 0x22, 0x22, 0x22, 0x22, 0x22, 0x22, 0x22, 
    0x22, 0x22, 0x22, 0x22, 0x22, 0x22, 0x22, 0x22, 0x22, 0x22, 0x22, 0x22, 0x22, 0x22, 0x22, 0x22, 
    0x22, 0x22, 0x22, 0x22, 0x22, 0x22, 0x22, 0x22, 0x22, 0x00, 0x11, 0x11, 0x13, 0x11, 0x11, 0x11, 
    0x10, 0x01, 0x22, 0x22, 0x22, 0x22, 0x22, 0x22, 0x22, 0x22, 0x22, 0x22, 0x22, 0x31, 0x31, 0x51, 
    0x11, 0x51, 0x11, 0x51, 0x31, 0x31, 0x51, 0x11, 0x11, 0x31, 0x31, 0x11, 0x31, 0x11, 0x31, 0x15, 
    0x13, 0x11, 0x31, 0x06, 0x66, 0x66, 0x66, 0x60, 0x01, 0x22, 0x22, 0x10, 0x01, 0x10, 0x00, 0x12, 
    0x22, 0x22, 0x22, 0x22, 0x22, 0x22, 0x22, 0x22, 0x22, 0x22, 0x22, 0x22, 0x22, 0x22, 0x22, 0x22, 
    0x22, 0x22, 0x22, 0x22, 0x22, 0x22, 0x22, 0x22, 0x22, 0x22, 0x22, 0x22, 0x21, 0x30, 0x00, 0x00, 
    0x12, 0x22, 0x22, 0x22, 0x22, 0x22, 0x22, 0x22, 0x22, 0x22, 0x22, 0x22, 0x22, 0x22, 0x22, 0x20, 
    0x00, 0x22, 0x22, 0x22, 0x22, 0x22, 0x22, 0x22, 0x22, 0x22, 0x22, 0x22, 0x22, 0x22, 0x22, 0x22, 
    0x10, 0x01, 0x11, 0x11, 0x11, 0x11, 0x31, 0x13, 0x10, 0x02, 0x22, 0x22, 0x22, 0x22, 0x22, 0x22, 
    0x22, 0x22, 0x22, 0x22, 0x21, 0x21, 0x11, 0x31, 0x31, 0x13, 0x13, 0x11, 0x31, 0x51, 0x33, 0x13, 
    0x11, 0x15, 0x11, 0x31, 0x15, 0x11, 0x11, 0x31, 0x11, 0x13, 0x11, 0x06, 0x66, 0x66, 0x66, 0x66, 
    0x02, 0x11, 0x22, 0x20, 0x01, 0x00, 0x11, 0x22, 0x22, 0x22, 0x22, 0x22, 0x22, 0x22, 0x22, 0x22, 
    0x22, 0x22, 0x22, 0x22, 0x22, 0x22, 0x22, 0x22, 0x22, 0x22, 0x22, 0x22, 0x22, 0x22, 0x22, 0x22, 
    0x22, 0x22, 0x22, 0x22, 0x10, 0x00, 0x00, 0x00, 0x00, 0x52, 0x22, 0x22, 0x22, 0x22, 0x22, 0x22, 
    0x22, 0x22, 0x22, 0x22, 0x22, 0x22, 0x22, 0x00, 0x10, 0x52, 0x22, 0x22, 0x22, 0x22, 0x22, 0x22, 
    0x22, 0x22, 0x22, 0x22, 0x22, 0x22, 0x22, 0x21, 0x00, 0x01, 0x12, 0x11, 0x31, 0x31, 0x11, 0x11, 
    0x11, 0x05, 0x22, 0x22, 0x22, 0x22, 0x22, 0x22, 0x22, 0x22, 0x22, 0x22, 0x22, 0x51, 0x31, 0x11, 
    0x13, 0x11, 0x11, 0x11, 0x13, 0x13, 0x11, 0x11, 0x31, 0x31, 0x13, 0x11, 0x31, 0x31, 0x31, 0x11, 
    0x31, 0x11, 0x11, 0x06, 0x66, 0x66, 0x66, 0x66, 0x60, 0x11, 0x22, 0x10, 0x10, 0x01, 0x12, 0x22, 
    0x22, 0x22, 0x22, 0x22, 0x22, 0x22, 0x22, 0x22, 0x22, 0x22, 0x22, 0x22, 0x22, 0x22, 0x22, 0x22, 
    0x22, 0x22, 0x22, 0x22, 0x22, 0x22, 0x22, 0x22, 0x22, 0x22, 0x22, 0x22, 0x20, 0x01, 0x11, 0x11, 
    0x00, 0x00, 0x52, 0x12, 0x22, 0x22, 0x22, 0x22, 0x22, 0x22, 0x22, 0x22, 0x22, 0x22, 0x10, 0x01, 
    0x10, 0x01, 0x22, 0x22, 0x22, 0x22, 0x22, 0x22, 0x22, 0x22, 0x22, 0x22, 0x22, 0x22, 0x22, 0x10, 
    0x00, 0x11, 0x11, 0x13, 0x11, 0x11, 0x13, 0x11, 0x11, 0x00, 0x22, 0x22, 0x22, 0x22, 0x22, 0x22, 
    0x22, 0x22, 0x22, 0x22, 0x21, 0x11, 0x11, 0x31, 0x11, 0x13, 0x13, 0x13, 0x11, 0x31, 0x31, 0x11, 
    0x11, 0x11, 0x31, 0x11, 0x11, 0x11, 0x15, 0x13, 0x11, 0x31, 0x31, 0x06, 0x66, 0x66, 0x66, 0x66, 
    0x60, 0x01, 0x12, 0x10, 0x00, 0x12, 0x22, 0x22, 0x22, 0x22, 0x22, 0x22, 0x22, 0x22, 0x22, 0x22, 
    0x22, 0x22, 0x22, 0x22, 0x22, 0x22, 0x22, 0x22, 0x22, 0x22, 0x22, 0x22, 0x22, 0x22, 0x22, 0x22, 
    0x22, 0x22, 0x22, 0x21, 0x30, 0x11, 0x11, 0x11, 0x11, 0x10, 0x00, 0x31, 0x22, 0x22, 0x22, 0x22, 
    0x22, 0x22, 0x22, 0x22, 0x22, 0x21, 0x00, 0x33, 0x30, 0x52, 0x22, 0x22, 0x22, 0x22, 0x22, 0x22, 
    0x22, 0x22, 0x22, 0x22, 0x22, 0x22, 0x21, 0x30, 0x01, 0x11, 0x11, 0x51, 0x11, 0x13, 0x11, 0x13, 
    0x11, 0x00, 0x22, 0x22, 0x22, 0x22, 0x22, 0x22, 0x22, 0x22, 0x22, 0x22, 0x31, 0x31, 0x31, 0x13, 
    0x13, 0x11, 0x11, 0x11, 0x13, 0x15, 0x13, 0x13, 0x15, 0x31, 0x11, 0x31, 0x31, 0x31, 0x13, 0x11, 
    0x11, 0x11, 0x11, 0x10, 0x66, 0x66, 0x66, 0x66, 0x66, 0x06, 0x11, 0x10, 0x01, 0x22, 0x22, 0x22, 
    0x22, 0x22, 0x22, 0x22, 0x22, 0x22, 0x22, 0x22, 0x22, 0x22, 0x22, 0x22, 0x22, 0x22, 0x22, 0x22, 
    0x22, 0x22, 0x22, 0x22, 0x22, 0x22, 0x22, 0x22, 0x22, 0x22, 0x22, 0x22, 0x00, 0x11, 0x11, 0x11, 
    0x11, 0x11, 0x10, 0x00, 0x11, 0x22, 0x22, 0x22, 0x22, 0x22, 0x22, 0x22, 0x22, 0x10, 0x01, 0x15, 
    0x30, 0x12, 0x22, 0x22, 0x22, 0x22, 0x22, 0x22, 0x22, 0x22, 0x22, 0x22, 0x22, 0x22, 0x22, 0x00, 
    0x11, 0x11, 0x13, 0x11, 0x21, 0x11, 0x15, 0x11, 0x11, 0x10, 0x12, 0x22, 0x22, 0x22, 0x22, 0x22, 
    0x22, 0x22, 0x22, 0x22, 0x11, 0x11, 0x13, 0x11, 0x11, 0x51, 0x31, 0x31, 0x51, 0x31, 0x31, 0x11, 
    0x11, 0x11, 0x31, 0x11, 0x11, 0x13, 0x11, 0x13, 0x13, 0x13, 0x11, 0x10, 0x06, 0x66, 0x66, 0x66, 
    0x66, 0x60, 0x11, 0x00, 0x12, 0x22, 0x21, 0x11, 0x10, 0x00, 0x01, 0x11, 0x22, 0x22, 0x22, 0x22, 
    0x22, 0x22, 0x22, 0x22, 0x22, 0x22, 0x22, 0x22, 0x22, 0x22, 0x22, 0x22, 0x22, 0x22, 0x22, 0x22, 
    0x22, 0x22, 0x22, 0x21, 0x00, 0x11, 0x13, 0x11, 0x11, 0x11, 0x11, 0x10, 0x00, 0x22, 0x22, 0x22, 
    0x22, 0x22, 0x22, 0x22, 0x22, 0x10, 0x11, 0x33, 0x53, 0x62, 0x22, 0x22, 0x22, 0x22, 0x22, 0x22, 
    0x22, 0x22, 0x22, 0x22, 0x22, 0x22, 0x10, 0x01, 0x11, 0x11, 0x11, 0x11, 0x13, 0x15, 0x12, 0x11, 
    0x31, 0x10, 0x01, 0x22, 0x22, 0x22, 0x22, 0x22, 0x22, 0x22, 0x22, 0x22, 0x13, 0x13, 0x11, 0x51, 
    0x31, 0x13, 0x11, 0x11, 0x31, 0x11, 0x11, 0x31, 0x31, 0x31, 0x11, 0x31, 0x51, 0x11, 0x13, 0x11, 
    0x11, 0x51, 0x13, 0x11, 0x06, 0x66, 0x66, 0x66, 0x66, 0x60, 0x61, 0x01, 0x12, 0x11, 0x10, 0x60, 
    0x06, 0x00, 0x06, 0x02, 0x22, 0x22, 0x22, 0x22, 0x22, 0x22, 0x22, 0x22, 0x22, 0x22, 0x22, 0x22, 
    0x22, 0x22, 0x22, 0x22, 0x22, 0x22, 0x22, 0x22, 0x22, 0x22, 0x22, 0x22, 0x01, 0x11, 0x11, 0x13, 
    0x13, 0x11, 0x11, 0x11, 0x00, 0x05, 0x12, 0x22, 0x22, 0x22, 0x22, 0x22, 0x21, 0x00, 0x33, 0x01, 
    0x10, 0x00, 0x01, 0x22, 0x22, 0x22, 0x22, 0x22, 0x22, 0x22, 0x22, 0x22, 0x22, 0x21, 0x00, 0x11, 
    0x11, 0x11, 0x31, 0x31, 0x11, 0x12, 0x11, 0x31, 0x11, 0x10, 0x02, 0x22, 0x22, 0x22, 0x22, 0x22, 
    0x22, 0x22, 0x22, 0x23, 0x11, 0x11, 0x51, 0x21, 0x13, 0x11, 0x13, 0x11, 0x11, 0x31, 0x11, 0x11, 
    0x15, 0x11, 0x31, 0x11, 0x31, 0x31, 0x31, 0x13, 0x13, 0x11, 0x31, 0x11, 0x10, 0x06, 0x66, 0x66, 
    0x66, 0x66, 0x01, 0x01, 0x11, 0x00, 0x60, 0x66, 0x66, 0x66, 0x66, 0x00, 0x12, 0x22, 0x22, 0x22, 
    0x22, 0x22, 0x22, 0x22, 0x22, 0x22, 0x22, 0x22, 0x22, 0x22, 0x22, 0x22, 0x22, 0x22, 0x22, 0x22, 
    0x22, 0x22, 0x22, 0x10, 0x01, 0x13, 0x11, 0x11, 0x11, 0x13, 0x11, 0x11, 0x11, 0x00, 0x01, 0x12, 
    0x22, 0x22, 0x22, 0x22, 0x22, 0x05, 0x35, 0x31, 0x11, 0x35, 0x01, 0x22, 0x22, 0x22, 0x22, 0x22, 
    0x22, 0x22, 0x22, 0x22, 0x22, 0x15, 0x00, 0x11, 0x11, 0x13, 0x11, 0x11, 0x31, 0x11, 0x31, 0x11, 
    0x13, 0x11, 0x02, 0x22, 0x22, 0x22, 0x22, 0x22, 0x22, 0x22, 0x22, 0x22, 0x13, 0x13, 0x11, 0x31, 
    0x11, 0x13, 0x11, 0x31, 0x31, 0x11, 0x31, 0x31, 0x13, 0x31, 0x35, 0x31, 0x11, 0x11, 0x11, 0x51, 
    0x11, 0x11, 0x13, 0x11, 0x11, 0x00, 0x66, 0x66, 0x66, 0x66, 0x60, 0x06, 0x00, 0x66, 0x66, 0x66, 
    0x66, 0x66, 0x66, 0x60, 0x22, 0x22, 0x22, 0x22, 0x22, 0x22, 0x22, 0x22, 0x22, 0x22, 0x22, 0x22, 
    0x22, 0x22, 0x22, 0x22, 0x22, 0x22, 0x22, 0x22, 0x22, 0x22, 0x22, 0x20, 0x01, 0x11, 0x13, 0x13, 
    0x11, 0x11, 0x11, 0x11, 0x11, 0x15, 0x00, 0x01, 0x22, 0x22, 0x21, 0x22, 0x20, 0x53, 0x33, 0x31, 
    0x13, 0x33, 0x00, 0x22, 0x22, 0x22, 0x22, 0x22, 0x22, 0x22, 0x22, 0x22, 0x22, 0x10, 0x01, 0x11, 
    0x11, 0x11, 0x11, 0x31, 0x11, 0x31, 0x11, 0x13, 0x11, 0x11, 0x00, 0x12, 0x22, 0x22, 0x22, 0x22, 
    0x22, 0x22, 0x22, 0x22, 0x11, 0x11, 0x31, 0x11, 0x31, 0x31, 0x11, 0x11, 0x11, 0x31, 0x11, 0x51, 
    0x13, 0x11, 0x13, 0x11, 0x31, 0x31, 0x31, 0x13, 0x13, 0x13, 0x11, 0x13, 0x11, 0x11, 0x00, 0x66, 
    0x66, 0x66, 0x60, 0x60, 0x66, 0x66, 0x66, 0x66, 0x66, 0x66, 0x66, 0x60, 0x02, 0x22, 0x22, 0x22, 
    0x22, 0x22, 0x22, 0x22, 0x22, 0x22, 0x22, 0x22, 0x22, 0x22, 0x22, 0x22, 0x22, 0x22, 0x22, 0x22, 
    0x22, 0x22, 0x22, 0x10, 0x01, 0x11, 0x11, 0x11, 0x13, 0x13, 0x13, 0x11, 0x11, 0x11, 0x10, 0x00, 
    0x12, 0x22, 0x22, 0x21, 0x00, 0x35, 0x11, 0x33, 0x03, 0x11, 0x30, 0x00, 0x12, 0x22, 0x22, 0x22, 
    0x22, 0x22, 0x22, 0x22, 0x21, 0x00, 0x11, 0x11, 0x12, 0x51, 0x31, 0x11, 0x51, 0x11, 0x31, 0x11, 
    0x15, 0x11, 0x00, 0x22, 0x22, 0x22, 0x22, 0x22, 0x22, 0x22, 0x22, 0x22, 0x13, 0x11, 0x11, 0x31, 
    0x11, 0x15, 0x13, 0x15, 0x13, 0x11, 0x31, 0x13, 0x11, 0x35, 0x13, 0x11, 0x11, 0x11, 0x13, 0x11, 
    0x11, 0x11, 0x51, 0x31, 0x11, 0x10, 0x06, 0x66, 0x66, 0x66, 0x00, 0x66, 0x66, 0x66, 0x66, 0x66, 
    0x66, 0x66, 0x66, 0x66, 0x12, 0x22, 0x22, 0x22, 0x22, 0x22, 0x22, 0x22, 0x22, 0x22, 0x22, 0x22, 
    0x22, 0x22, 0x22, 0x22, 0x22, 0x22, 0x22, 0x22, 0x22, 0x22, 0x22, 0x20, 0x01, 0x13, 0x11, 0x31, 
    0x11, 0x11, 0x11, 0x13, 0x11, 0x11, 0x11, 0x00, 0x01, 0x22, 0x22, 0x22, 0x01, 0x31, 0x11, 0x53, 
    0x35, 0x11, 0x53, 0x10, 0x01, 0x22, 0x22, 0x22, 0x22, 0x22, 0x22, 0x22, 0x10, 0x00, 0x11, 0x12, 
    0x11, 0x31, 0x11, 0x31, 0x11, 0x31, 0x11, 0x31, 0x12, 0x11, 0x00, 0x12, 0x22, 0x22, 0x22, 0x22, 
    0x22, 0x22, 0x22, 0x22, 0x51, 0x31, 0x31, 0x15, 0x13, 0x11, 0x31, 0x13, 0x11, 0x15, 0x11, 0x31, 
    0x11, 0x13, 0x13, 0x11, 0x31, 0x31, 0x51, 0x13, 0x13, 0x13, 0x11, 0x13, 0x11, 0x00, 0x66, 0x66, 
    0x66, 0x66, 0x00, 0x66, 0x66, 0x66, 0x66, 0x66, 0x66, 0x66, 0x66, 0x10, 0x22, 0x22, 0x22, 0x22, 
    0x22, 0x22, 0x22, 0x22, 0x22, 0x22, 0x22, 0x22, 0x22, 0x22, 0x22, 0x22, 0x22, 0x22, 0x22, 0x22, 
    0x22, 0x22, 0x22, 0x10, 0x01, 0x11, 0x11, 0x11, 0x31, 0x15, 0x11, 0x11, 0x12, 0x11, 0x11, 0x11, 
    0x00, 0x11, 0x12, 0x11, 0x03, 0x33, 0x11, 0x33, 0x33, 0x11, 0x33, 0x35, 0x01, 0x22, 0x22, 0x22, 
    0x22, 0x22, 0x21, 0x22, 0x10, 0x01, 0x11, 0x11, 0x11, 0x11, 0x31, 0x11, 0x31, 0x11, 0x11, 0x15, 
    0x11, 0x11, 0x00, 0x22, 0x22, 0x22, 0x22, 0x22, 0x22, 0x22, 0x22, 0x22, 0x31, 0x11, 0x15, 0x13, 
    0x11, 0x31, 0x11, 0x11, 0x13, 0x11, 0x31, 0x11, 0x31, 0x13, 0x11, 0x13, 0x11, 0x11, 0x13, 0x11, 
    0x11, 0x11, 0x13, 0x11, 0x10, 0x66, 0x66, 0x66, 0x66, 0x66, 0x66, 0x66, 0x66, 0x66, 0x66, 0x66, 
    0x66, 0x66, 0x66, 0x01, 0x22, 0x22, 0x22, 0x22, 0x22, 0x22, 0x22, 0x22, 0x22, 0x22, 0x22, 0x22, 
    0x22, 0x22, 0x22, 0x22, 0x22, 0x22, 0x22, 0x22, 0x22, 0x22, 0x22, 0x10, 0x51, 0x13, 0x11, 0x31, 
    0x11, 0x12, 0x13, 0x13, 0x15, 0x11, 0x11, 0x11, 0x10, 0x01, 0x00, 0x10, 0x01, 0x10, 0x30, 0x31, 
    0x53, 0x30, 0x35, 0x13, 0x01, 0x11, 0x11, 0x12, 0x11, 0x11, 0x11, 0x11, 0x00, 0x11, 0x11, 0x11, 
    0x35, 0x11, 0x11, 0x11, 0x11, 0x13, 0x13, 0x11, 0x31, 0x31, 0x50, 0x22, 0x22, 0x22, 0x22, 0x22, 
    0x22, 0x22, 0x22, 0x22, 0x11, 0x31, 0x31, 0x11, 0x31, 0x11, 0x31, 0x31, 0x31, 0x31, 0x11, 0x31, 
    0x11, 0x31, 0x51, 0x11, 0x13, 0x13, 0x11, 0x13, 0x15, 0x13, 0x11, 0x11, 0x00, 0x66, 0x66, 0x66, 
    0x66, 0x60, 0x66, 0x66, 0x66, 0x66, 0x66, 0x66, 0x66, 0x66, 0x60, 0x61, 0x22, 0x22, 0x22, 0x22, 
    0x22, 0x22, 0x22, 0x22, 0x22, 0x22, 0x22, 0x22, 0x22, 0x22, 0x22, 0x22, 0x22, 0x22, 0x22, 0x22, 
    0x22, 0x22, 0x22, 0x20, 0x21, 0x11, 0x11, 0x11, 0x51, 0x31, 0x11, 0x11, 0x11, 0x31, 0x11, 0x11, 
    0x11, 0x10, 0x05, 0x00, 0x11, 0x13, 0x31, 0x31, 0x15, 0x33, 0x51, 0x10, 0x00, 0x00, 0x00, 0x00, 
    0x00, 0x00, 0x00, 0x00, 0x00, 0x11, 0x12, 0x11, 0x11, 0x11, 0x11, 0x31, 0x13, 0x11, 0x11, 0x11, 
    0x11, 0x11, 0x20, 0x12, 0x22, 0x22, 0x22, 0x22, 0x22, 0x22, 0x22, 0x22, 0x31, 0x11, 0x11, 0x31, 
    0x11, 0x31, 0x11, 0x35, 0x13, 0x11, 0x31, 0x11, 0x31, 0x11, 0x31, 0x31, 0x15, 0x11, 0x13, 0x11, 
    0x13, 0x11, 0x13, 0x11, 0x06, 0x66, 0x66, 0x66, 0x66, 0x00, 0x66, 0x66, 0x66, 0x60, 0x66, 0x66, 
    0x66, 0x66, 0x60, 0x12, 0x22, 0x22, 0x22, 0x22, 0x22, 0x22, 0x22, 0x22, 0x22, 0x22, 0x22, 0x22, 
    0x22, 0x22, 0x22, 0x22, 0x22, 0x22, 0x22, 0x22, 0x22, 0x22, 0x22, 0x20, 0x51, 0x13, 0x13, 0x11, 
    0x21, 0x11, 0x13, 0x11, 0x11, 0x11, 0x11, 0x00, 0x00, 0x00, 0x06, 0x50, 0x00, 0x13, 0x53, 0x31, 
    0x13, 0x33, 0x31, 0x13, 0x33, 0x51, 0x00, 0x10, 0x10, 0x51, 0x00, 0x00, 0x01, 0x11, 0x11, 0x15, 
    0x21, 0x11, 0x31, 0x51, 0x11, 0x15, 0x13, 0x13, 0x11, 0x31, 0x10, 0x22, 0x22, 0x22, 0x22, 0x22, 
    0x22, 0x22, 0x22, 0x22, 0x13, 0x13, 0x13, 0x11, 0x31, 0x11, 0x31, 0x13, 0x11, 0x31, 0x11, 0x31, 
    0x11, 0x31, 0x11, 0x13, 0x11, 0x31, 0x11, 0x51, 0x11, 0x13, 0x11, 0x15, 0x06, 0x66, 0x66, 0x66, 
    0x66, 0x00, 0x66, 0x66, 0x66, 0x66, 0x00, 0x00, 0x66, 0x60, 0x22, 0x22, 0x22, 0x22, 0x22, 0x22, 
    0x22, 0x22, 0x22, 0x22, 0x22, 0x22, 0x22, 0x22, 0x22, 0x22, 0x22, 0x22, 0x22, 0x22, 0x22, 0x22, 
    0x22, 0x22, 0x22, 0x10, 0x61, 0x11, 0x11, 0x13, 0x11, 0x13, 0x11, 0x11, 0x50, 0x00, 0x00, 0x00, 
    0x00, 0x05, 0x05, 0x00, 0x50, 0x00, 0x15, 0x30, 0x30, 0x15, 0x33, 0x03, 0x51, 0x33, 0x50, 0x11, 
    0x11, 0x11, 0x11, 0x11, 0x11, 0x11, 0x11, 0x11, 0x11, 0x13, 0x11, 0x11, 0x11, 0x21, 0x11, 0x11, 
    0x15, 0x11, 0x10, 0x52, 0x22, 0x22, 0x22, 0x22, 0x22, 0x22, 0x22, 0x22, 0x11, 0x11, 0x11, 0x13, 
    0x11, 0x31, 0x11, 0x31, 0x31, 0x51, 0x31, 0x11, 0x31, 0x11, 0x31, 0x11, 0x31, 0x11, 0x31, 0x13, 
    0x13, 0x11, 0x13, 0x11, 0x06, 0x66, 0x66, 0x66, 0x00, 0x01, 0x06, 0x66, 0x66, 0x66, 0x01, 0x11, 
    0x21, 0x11, 0x22, 0x22, 0x22, 0x22, 0x22, 0x22, 0x22, 0x22, 0x22, 0x22, 0x22, 0x22, 0x22, 0x22, 
    0x22, 0x22, 0x22, 0x22, 0x22, 0x22, 0x22, 0x22, 0x22, 0x22, 0x22, 0x20, 0x51, 0x13, 0x11, 0x11, 
    0x13, 0x11, 0x11, 0x50, 0x02, 0x11, 0x33, 0x31, 0x11, 0x00, 0x06, 0x50, 0x60, 0x05, 0x11, 0x13, 
    0x33, 0x11, 0x35, 0x31, 0x11, 0x13, 0x30, 0x13, 0x10, 0x20, 0x11, 0x11, 0x11, 0x11, 0x11, 0x11, 
    0x11, 0x11, 0x11, 0x11, 0x25, 0x13, 0x11, 0x31, 0x12, 0x11, 0x10, 0x02, 0x22, 0x22, 0x22, 0x22, 
    0x22, 0x22, 0x22, 0x22, 0x51, 0x31, 0x31, 0x51, 0x11, 0x15, 0x13, 0x15, 0x13, 0x11, 0x11, 0x31, 
    0x15, 0x13, 0x11, 0x31, 0x11, 0x31, 0x13, 0x11, 0x11, 0x31, 0x11, 0x11, 0x10, 0x66, 0x66, 0x60, 
    0x12, 0x11, 0x66, 0x66, 0x66, 0x66, 0x01, 0x22, 0x22, 0x22, 0x22, 0x22, 0x22, 0x22, 0x22, 0x22, 
    0x22, 0x22, 0x22, 0x22, 0x22, 0x22, 0x22, 0x22, 0x22, 0x22, 0x22, 0x22, 0x22, 0x22, 0x22, 0x22, 
    0x22, 0x22, 0x22, 0x20, 0x11, 0x11, 0x13, 0x15, 0x11, 0x11, 0x10, 0x00, 0x31, 0x11, 0x35, 0x31, 
    0x11, 0x05, 0x05, 0x00, 0x55, 0x00, 0x11, 0x33, 0x53, 0x11, 0x31, 0x35, 0x11, 0x05, 0x00, 0x15, 
    0x21, 0x10, 0x11, 0x11, 0x11, 0x11, 0x11, 0x11, 0x11, 0x11, 0x11, 0x11, 0x13, 0x11, 0x11, 0x11, 
    0x31, 0x11, 0x10, 0x02, 0x22, 0x22, 0x22, 0x22, 0x22, 0x22, 0x22, 0x21, 0x11, 0x15, 0x11, 0x21, 
    0x31, 0x31, 0x11, 0x11, 0x31, 0x31, 0x31, 0x15, 0x13, 0x11, 0x13, 0x11, 0x31, 0x11, 0x51, 0x13, 
    0x11, 0x13, 0x13, 0x13, 0x11, 0x00, 0x00, 0x11, 0x12, 0x21, 0x06, 0x66, 0x66, 0x66, 0x01, 0x22, 
    0x22, 0x22, 0x22, 0x22, 0x22, 0x22, 0x22, 0x22, 0x22, 0x22, 0x22, 0x22, 0x22, 0x22, 0x22, 0x22, 
    0x22, 0x22, 0x22, 0x22, 0x22, 0x22, 0x22, 0x22, 0x22, 0x22, 0x22, 0x10, 0x01, 0x13, 0x11, 0x11, 
    0x13, 0x15, 0x00, 0x31, 0x33, 0x03, 0x31, 0x30, 0x33, 0x00, 0x06, 0x50, 0x60, 0x50, 0x00, 0x35, 
    0x35, 0x00, 0x00, 0x00, 0x00, 0x00, 0x11, 0x12, 0x51, 0x31, 0x11, 0x11, 0x11, 0x11, 0x11, 0x11, 
    0x11, 0x11, 0x11, 0x11, 0x11, 0x11, 0x13, 0x11, 0x11, 0x31, 0x10, 0x01, 0x22, 0x22, 0x22, 0x22, 
    0x22, 0x22, 0x22, 0x22, 0x31, 0x31, 0x13, 0x11, 0x11, 0x13, 0x13, 0x11, 0x31, 0x11, 0x11, 0x31, 
    0x11, 0x13, 0x11, 0x15, 0x11, 0x31, 0x13, 0x11, 0x31, 0x11, 0x15, 0x11, 0x11, 0x11, 0x11, 0x12, 
    0x22, 0x21, 0x06, 0x66, 0x66, 0x66, 0x62, 0x22, 0x22, 0x22, 0x22, 0x22, 0x22, 0x22, 0x22, 0x22, 
    0x22, 0x22, 0x22, 0x22, 0x22, 0x22, 0x22, 0x22, 0x22, 0x22, 0x22, 0x22, 0x22, 0x22, 0x22, 0x22, 
    0x22, 0x22, 0x22, 0x20, 0x01, 0x11, 0x11, 0x31, 0x11, 0x10, 0x03, 0x11, 0x13, 0x53, 0x11, 0x13, 
    0x53, 0x15, 0x00, 0x05, 0x00, 0x60, 0x00, 0x00, 0x10, 0x01, 0x10, 0x51, 0x11, 0x11, 0x11, 0x10, 
    0x16, 0x10, 0x11, 0x11, 0x11, 0x11, 0x11, 0x11, 0x11, 0x11, 0x11, 0x11, 0x11, 0x11, 0x31, 0x15, 
    0x11, 0x11, 0x10, 0x02, 0x22, 0x22, 0x22, 0x22, 0x22, 0x22, 0x22, 0x21, 0x11, 0x13, 0x11, 0x31, 
    0x31, 0x11, 0x11, 0x31, 0x11, 0x31, 0x31, 0x11, 0x31, 0x11, 0x13, 0x11, 0x31, 0x11, 0x31, 0x11, 
    0x15, 0x13, 0x11, 0x31, 0x31, 0x13, 0x11, 0x22, 0x22, 0x22, 0x60, 0x66, 0x66, 0x66, 0x02, 0x22, 
    0x22, 0x22, 0x22, 0x22, 0x22, 0x22, 0x22, 0x22, 0x22, 0x22, 0x22, 0x22, 0x22, 0x22, 0x22, 0x22, 
    0x22, 0x22, 0x22, 0x22, 0x22, 0x22, 0x22, 0x22, 0x22, 0x22, 0x22, 0x10, 0x01, 0x13, 0x11, 0x11, 
    0x31, 0x10, 0x35, 0x11, 0x10, 0x33, 0x51, 0x13, 0x33, 0x11, 0x00, 0x56, 0x50, 0x00, 0x11, 0x11, 
    0x11, 0x11, 0x11, 0x11, 0x25, 0x21, 0x11, 0x10, 0x13, 0x10, 0x11, 0x11, 0x11, 0x11, 0x11, 0x11, 
    0x11, 0x11, 0x11, 0x11, 0x11, 0x11, 0x11, 0x13, 0x13, 0x11, 0x10, 0x02, 0x22, 0x22, 0x22, 0x22, 
    0x22, 0x22, 0x22, 0x23, 0x13, 0x11, 0x11, 0x11, 0x13, 0x13, 0x11, 0x11, 0x31, 0x11, 0x15, 0x13, 
    0x11, 0x31, 0x31, 0x13, 0x11, 0x31, 0x11, 0x31, 0x13, 0x11, 0x11, 0x11, 0x13, 0x11, 0x13, 0x22, 
    0x22, 0x22, 0x10, 0x06, 0x66, 0x66, 0x01, 0x22, 0x22, 0x22, 0x22, 0x22, 0x22, 0x22, 0x12, 0x22, 
    0x22, 0x22, 0x22, 0x22, 0x22, 0x22, 0x22, 0x22, 0x22, 0x22, 0x22, 0x22, 0x22, 0x22, 0x22, 0x22, 
    0x22, 0x22, 0x22, 0x10, 0x01, 0x11, 0x13, 0x11, 0x11, 0x15, 0x00, 0x00, 0x33, 0x13, 0x33, 0x03, 
    0x15, 0x33, 0x13, 0x00, 0x60, 0x01, 0x11, 0x31, 0x01, 0x11, 0x13, 0x61, 0x31, 0x51, 0x11, 0x11, 
    0x01, 0x52, 0x51, 0x11, 0x11, 0x11, 0x11, 0x11, 0x11, 0x11, 0x11, 0x11, 0x11, 0x11, 0x11, 0x11, 
    0x11, 0x11, 0x10, 0x01, 0x22, 0x22, 0x22, 0x22, 0x22, 0x22, 0x22, 0x21, 0x11, 0x13, 0x13, 0x15, 
    0x11, 0x51, 0x13, 0x11, 0x15, 0x13, 0x11, 0x11, 0x13, 0x11, 0x15, 0x11, 0x11, 0x11, 0x31, 0x13, 
    0x11, 0x13, 0x13, 0x13, 0x11, 0x13, 0x12, 0x22, 0x22, 0x22, 0x21, 0x06, 0x66, 0x60, 0x62, 0x22, 
    0x22, 0x22, 0x22, 0x22, 0x25, 0x55, 0x55, 0x52, 0x22, 0x22, 0x22, 0x22, 0x22, 0x22, 0x22, 0x22, 
    0x22, 0x22, 0x22, 0x22, 0x22, 0x22, 0x22, 0x22, 0x22, 0x22, 0x22, 0x20, 0x01, 0x11, 0x11, 0x13, 
    0x11, 0x11, 0x11, 0x00, 0x01, 0x11, 0x03, 0x51, 0x11, 0x33, 0x50, 0x50, 0x50, 0x11, 0x10, 0x16, 
    0x11, 0x11, 0x11, 0x01, 0x10, 0x21, 0x11, 0x11, 0x01, 0x25, 0x21, 0x11, 0x11, 0x11, 0x11, 0x11, 
    0x11, 0x11, 0x11, 0x11, 0x11, 0x11, 0x11, 0x11, 0x13, 0x11, 0x10, 0x02, 0x22, 0x22, 0x22, 0x22, 
    0x22, 0x22, 0x22, 0x22, 0x13, 0x11, 0x11, 0x31, 0x31, 0x13, 0x11, 0x31, 0x31, 0x11, 0x13, 0x13, 
    0x11, 0x13, 0x11, 0x31, 0x31, 0x31, 0x11, 0x51, 0x13, 0x11, 0x11, 0x11, 0x13, 0x11, 0x12, 0x22, 
    0x22, 0x22, 0x22, 0x10, 0x00, 0x00, 0x12, 0x22, 0x22, 0x22, 0x22, 0x22, 0x55, 0x55, 0x55, 0x55, 
    0x12, 0x22, 0x22, 0x22, 0x22, 0x22, 0x22, 0x22, 0x22, 0x22, 0x22, 0x22, 0x22, 0x22, 0x22, 0x22, 
    0x22, 0x22, 0x22, 0x10, 0x01, 0x13, 0x13, 0x11, 0x13, 0x11, 0x11, 0x11, 0x01, 0x11, 0x33, 0x31, 
    0x11, 0x35, 0x30, 0x11, 0x11, 0x11, 0x10, 0x13, 0x52, 0x11, 0x11, 0x35, 0x21, 0x51, 0x11, 0x11, 
    0x31, 0x52, 0x11, 0x11, 0x11, 0x11, 0x11, 0x11, 0x11, 0x11, 0x11, 0x11, 0x11, 0x11, 0x11, 0x11, 
    0x11, 0x51, 0x10, 0x22, 0x22, 0x22, 0x22, 0x22, 0x22, 0x22, 0x22, 0x23, 0x11, 0x51, 0x31, 0x11, 
    0x13, 0x11, 0x11, 0x15, 0x11, 0x31, 0x11, 0x11, 0x13, 0x11, 0x31, 0x11, 0x11, 0x15, 0x13, 0x11, 
    0x11, 0x15, 0x31, 0x13, 0x11, 0x51, 0x32, 0x22, 0x22, 0x22, 0x22, 0x21, 0x22, 0x12, 0x22, 0x22, 
    0x22, 0x22, 0x22, 0x25, 0x55, 0x55, 0x55, 0x55, 0x55, 0x22, 0x22, 0x22, 0x22, 0x22, 0x22, 0x22, 
    0x22, 0x22, 0x22, 0x22, 0x22, 0x22, 0x22, 0x22, 0x22, 0x22, 0x22, 0x21, 0x01, 0x11, 0x11, 0x11, 
    0x11, 0x11, 0x13, 0x11, 0x00, 0x13, 0x53, 0x33, 0x53, 0x35, 0x01, 0x11, 0x11, 0x11, 0x13, 0x11, 
    0x01, 0x11, 0x11, 0x61, 0x52, 0x31, 0x11, 0x11, 0x01, 0x25, 0x21, 0x11, 0x11, 0x11, 0x11, 0x11, 
    0x11, 0x11, 0x11, 0x11, 0x11, 0x11, 0x11, 0x11, 0x11, 0x10, 0x00, 0x12, 0x22, 0x22, 0x22, 0x22, 
    0x22, 0x22, 0x22, 0x22, 0x13, 0x11, 0x13, 0x13, 0x11, 0x13, 0x13, 0x11, 0x31, 0x13, 0x13, 0x13, 
    0x11, 0x51, 0x11, 0x31, 0x31, 0x13, 0x11, 0x13, 0x11, 0x00, 0x00, 0x11, 0x51, 0x13, 0x22, 0x22, 
    0x22, 0x22, 0x22, 0x22, 0x22, 0x22, 0x22, 0x22, 0x22, 0x22, 0x22, 0x55, 0x55, 0x55, 0x55, 0x55, 
    0x55, 0x22, 0x22, 0x22, 0x22, 0x22, 0x22, 0x22, 0x22, 0x22, 0x22, 0x22, 0x22, 0x22, 0x22, 0x22, 
    0x22, 0x22, 0x22, 0x25, 0x01, 0x11, 0x31, 0x13, 0x13, 0x13, 0x11, 0x11, 0x00, 0x03, 0x11, 0x13, 
    0x35, 0x10, 0x11, 0x11, 0x11, 0x11, 0x11, 0x01, 0x25, 0x11, 0x11, 0x13, 0x11, 0x52, 0x11, 0x11, 
    0x01, 0x56, 0x51, 0x11, 0x11, 0x11, 0x11, 0x11, 0x11, 0x11, 0x11, 0x11, 0x11, 0x11, 0x11, 0x11, 
    0x11, 0x11, 0x00, 0x01, 0x22, 0x22, 0x22, 0x22, 0x22, 0x22, 0x22, 0x22, 0x11, 0x13, 0x11, 0x11, 
    0x13, 0x11, 0x11, 0x31, 0x11, 0x11, 0x11, 0x11, 0x51, 0x21, 0x31, 0x11, 0x15, 0x11, 0x13, 0x11, 
    0x11, 0x00, 0x00, 0x11, 0x13, 0x12, 0x22, 0x22, 0x22, 0x22, 0x22, 0x22, 0x22, 0x22, 0x22, 0x22, 
    0x22, 0x22, 0x12, 0x55, 0x55, 0x55, 0x55, 0x55, 0x55, 0x22, 0x22, 0x22, 0x22, 0x22, 0x22, 0x22, 
    0x22, 0x22, 0x22, 0x22, 0x22, 0x22, 0x22, 0x22, 0x22, 0x22, 0x22, 0x22, 0x00, 0x11, 0x11, 0x11, 
    0x11, 0x11, 0x11, 0x11, 0x11, 0x03, 0x11, 0x10, 0x33, 0x00, 0x11, 0x11, 0x11, 0x11, 0x11, 0x01, 
    0x52, 0x11, 0x11, 0x10, 0x10, 0x10, 0x11, 0x11, 0x10, 0x13, 0x11, 0x11, 0x11, 0x11, 0x11, 0x11, 
    0x11, 0x11, 0x11, 0x11, 0x11, 0x11, 0x11, 0x11, 0x11, 0x11, 0x15, 0x00, 0x21, 0x22, 0x22, 0x22, 
    0x22, 0x22, 0x22, 0x22, 0x31, 0x11, 0x31, 0x51, 0x31, 0x13, 0x15, 0x11, 0x31, 0x31, 0x31, 0x51, 
    0x31, 0x11, 0x13, 0x15, 0x12, 0x13, 0x11, 0x11, 0x13, 0x00, 0x00, 0x11, 0x11, 0x22, 0x22, 0x22, 
    0x22, 0x22, 0x22, 0x22, 0x22, 0x22, 0x22, 0x22, 0x22, 0x12, 0x25, 0x55, 0x55, 0x55, 0x55, 0x55, 
    0x55, 0x52, 0x22, 0x22, 0x22, 0x22, 0x22, 0x22, 0x22, 0x22, 0x22, 0x22, 0x22, 0x22, 0x22, 0x22, 
    0x22, 0x22, 0x22, 0x21, 0x00, 0x11, 0x31, 0x31, 0x51, 0x11, 0x11, 0x31, 0x10, 0x03, 0x35, 0x33, 
    0x53, 0x51, 0x11, 0x11, 0x11, 0x11, 0x11, 0x01, 0x25, 0x31, 0x11, 0x15, 0x21, 0x01, 0x11, 0x11, 
    0x10, 0x10, 0x11, 0x11, 0x11, 0x11, 0x11, 0x11, 0x11, 0x11, 0x11, 0x11, 0x11, 0x11, 0x11, 0x11, 
    0x11, 0x11, 0x11, 0x10, 0x01, 0x22, 0x22, 0x22, 0x22, 0x22, 0x22, 0x22, 0x13, 0x15, 0x11, 0x31, 
    0x11, 0x51, 0x11, 0x31, 0x11, 0x11, 0x51, 0x31, 0x11, 0x31, 0x11, 0x13, 0x11, 0x11, 0x13, 0x10, 
    0x00, 0x01, 0x10, 0x00, 0x01, 0x22, 0x22, 0x22, 0x22, 0x22, 0x22, 0x22, 0x22, 0x22, 0x22, 0x22, 
    0x22, 0x22, 0x25, 0x55, 0x55, 0x55, 0x55, 0x55, 0x55, 0x52, 0x22, 0x22, 0x22, 0x22, 0x22, 0x22, 
    0x22, 0x22, 0x22, 0x22, 0x22, 0x22, 0x22, 0x22, 0x22, 0x22, 0x22, 0x21, 0x00, 0x11, 0x11, 0x11, 
    0x13, 0x13, 0x11, 0x11, 0x10, 0x11, 0x33, 0x31, 0x11, 0x01, 0x11, 0x11, 0x11, 0x11, 0x11, 0x10, 
    0x13, 0x61, 0x11, 0x11, 0x01, 0x31, 0x11, 0x11, 0x13, 0x61, 0x11, 0x11, 0x11, 0x11, 0x11, 0x11, 
    0x11, 0x11, 0x11, 0x11, 0x11, 0x11, 0x11, 0x11, 0x11, 0x11, 0x11, 0x11, 0x00, 0x12, 0x22, 0x22, 
    0x22, 0x22, 0x22, 0x22, 0x21, 0x11, 0x31, 0x11, 0x31, 0x13, 0x11, 0x11, 0x31, 0x31, 0x11, 0x11, 
    0x31, 0x13, 0x13, 0x11, 0x13, 0x13, 0x11, 0x10, 0x00, 0x11, 0x11, 0x00, 0x01, 0x22, 0x22, 0x22, 
    0x22, 0x22, 0x22, 0x22, 0x22, 0x22, 0x22, 0x21, 0x22, 0x22, 0x25, 0x55, 0x55, 0x55, 0x55, 0x55, 
    0x55, 0x52, 0x22, 0x22, 0x22, 0x22, 0x22, 0x22, 0x22, 0x22, 0x22, 0x22, 0x22, 0x22, 0x22, 0x22, 
    0x22, 0x22, 0x22, 0x22, 0x50, 0x11, 0x11, 0x31, 0x11, 0x11, 0x11, 0x11, 0x50, 0x11, 0x35, 0x31, 
    0x10, 0x11, 0x11, 0x11, 0x11, 0x11, 0x11, 0x13, 0x15, 0x11, 0x11, 0x11, 0x31, 0x01, 0x11, 0x11, 
    0x11, 0x11, 0x11, 0x11, 0x11, 0x11, 0x11, 0x11, 0x11, 0x11, 0x11, 0x11, 0x11, 0x11, 0x11, 0x11, 
    0x11, 0x11, 0x11, 0x11, 0x10, 0x01, 0x22, 0x22, 0x22, 0x22, 0x22, 0x22, 0x22, 0x31, 0x11, 0x31, 
    0x11, 0x31, 0x13, 0x13, 0x11, 0x13, 0x13, 0x13, 0x11, 0x11, 0x51, 0x13, 0x11, 0x11, 0x31, 0x11, 
    0x00, 0x11, 0x11, 0x00, 0x12, 0x22, 0x22, 0x22, 0x22, 0x22, 0x22, 0x22, 0x22, 0x22, 0x21, 0x22, 
    0x22, 0x22, 0x25, 0x55, 0x55, 0x55, 0x55, 0x55, 0x55, 0x52, 0x22, 0x12, 0x22, 0x22, 0x22, 0x22, 
    0x22, 0x22, 0x22, 0x22, 0x22, 0x22, 0x22, 0x22, 0x22, 0x22, 0x22, 0x22, 0x20, 0x11, 0x13, 0x11, 
    0x31, 0x11, 0x16, 0x11, 0x00, 0x10, 0x33, 0x35, 0x00, 0x11, 0x11, 0x11, 0x11, 0x11, 0x11, 0x16, 
    0x52, 0x01, 0x11, 0x11, 0x16, 0x51, 0x11, 0x11, 0x11, 0x11, 0x11, 0x11, 0x11, 0x11, 0x11, 0x11, 
    0x11, 0x11, 0x11, 0x11, 0x11, 0x11, 0x11, 0x11, 0x11, 0x11, 0x11, 0x11, 0x11, 0x00, 0x12, 0x22, 
    0x22, 0x22, 0x22, 0x22, 0x22, 0x11, 0x31, 0x11, 0x31, 0x11, 0x31, 0x11, 0x13, 0x11, 0x11, 0x11, 
    0x13, 0x13, 0x11, 0x31, 0x13, 0x11, 0x13, 0x11, 0x10, 0x01, 0x60, 0x00, 0x12, 0x22, 0x22, 0x22, 
    0x22, 0x22, 0x22, 0x22, 0x22, 0x22, 0x22, 0x25, 0x55, 0x55, 0x25, 0x55, 0x55, 0x55, 0x55, 0x55, 
    0x55, 0x55, 0x55, 0x55, 0x51, 0x22, 0x22, 0x22, 0x22, 0x22, 0x22, 0x22, 0x22, 0x22, 0x22, 0x22, 
    0x22, 0x22, 0x22, 0x22, 0x10, 0x01, 0x11, 0x11, 0x11, 0x11, 0x11, 0x11, 0x00, 0x33, 0x11, 0x13, 
    0x01, 0x11, 0x11, 0x11, 0x11, 0x11, 0x11, 0x11, 0x36, 0x11, 0x11, 0x11, 0x11, 0x11, 0x11, 0x11, 
    0x11, 0x11, 0x11, 0x11, 0x11, 0x11, 0x11, 0x11, 0x11, 0x11, 0x11, 0x11, 0x11, 0x11, 0x11, 0x11, 
    0x11, 0x11, 0x11, 0x11, 0x11, 0x10, 0x01, 0x22, 0x22, 0x22, 0x22, 0x22, 0x22, 0x25, 0x11, 0x31, 
    0x11, 0x31, 0x11, 0x31, 0x11, 0x51, 0x31, 0x31, 0x31, 0x11, 0x13, 0x11, 0x11, 0x31, 0x51, 0x11, 
    0x00, 0x00, 0x00, 0x00, 0x22, 0x22, 0x22, 0x22, 0x22, 0x22, 0x22, 0x22, 0x22, 0x22, 0x25, 0x55, 
    0x55, 0x55, 0x55, 0x55, 0x55, 0x55, 0x55, 0x55, 0x55, 0x55, 0x55, 0x55, 0x55, 0x22, 0x22, 0x22, 
    0x22, 0x22, 0x22, 0x22, 0x22, 0x22, 0x22, 0x22, 0x22, 0x22, 0x22, 0x22, 0x10, 0x01, 0x11, 0x31, 
    0x11, 0x10, 0x11, 0x31, 0x10, 0x13, 0x11, 0x50, 0x11, 0x11, 0x11, 0x11, 0x11, 0x11, 0x11, 0x11, 
    0x11, 0x11, 0x11, 0x11, 0x11, 0x11, 0x11, 0x11, 0x11, 0x11, 0x11, 0x11, 0x11, 0x11, 0x11, 0x11, 
    0x11, 0x11, 0x11, 0x11, 0x11, 0x11, 0x11, 0x11, 0x11, 0x11, 0x11, 0x11, 0x11, 0x11, 0x00, 0x22, 
    0x22, 0x22, 0x22, 0x22, 0x22, 0x21, 0x31, 0x15, 0x13, 0x11, 0x31, 0x15, 0x31, 0x13, 0x11, 0x11, 
    0x15, 0x13, 0x11, 0x13, 0x15, 0x11, 0x13, 0x11, 0x30, 0x00, 0x10, 0x05, 0x12, 0x22, 0x22, 0x22, 
    0x22, 0x22, 0x22, 0x22, 0x22, 0x22, 0x55, 0x55, 0x55, 0x55, 0x55, 0x55, 0x55, 0x55, 0x55, 0x55, 
    0x55, 0x55, 0x55, 0x55, 0x55, 0x52, 0x22, 0x22, 0x22, 0x22, 0x22, 0x22, 0x22, 0x22, 0x22, 0x22, 
    0x22, 0x22, 0x22, 0x22, 0x22, 0x01, 0x11, 0x11, 0x16, 0x11, 0x11, 0x11, 0x10, 0x00, 0x30, 0x01, 
    0x11, 0x11, 0x11, 0x11, 0x11, 0x11, 0x11, 0x11, 0x11, 0x11, 0x11, 0x11, 0x11, 0x11, 0x11, 0x11, 
    0x11, 0x11, 0x11, 0x11, 0x11, 0x11, 0x11, 0x11, 0x11, 0x11, 0x11, 0x11, 0x11, 0x11, 0x11, 0x11, 
    0x11, 0x11, 0x11, 0x11, 0x11, 0x11, 0x00, 0x22, 0x22, 0x22, 0x22, 0x22, 0x22, 0x21, 0x11, 0x31, 
    0x11, 0x13, 0x11, 0x31, 0x11, 0x31, 0x13, 0x15, 0x12, 0x11, 0x13, 0x11, 0x11, 0x31, 0x11, 0x31, 
    0x10, 0x01, 0x11, 0x12, 0x22, 0x22, 0x22, 0x22, 0x22, 0x22, 0x22, 0x22, 0x22, 0x25, 0x55, 0x55, 
    0x55, 0x55, 0x55, 0x55, 0x55, 0x55, 0x55, 0x55, 0x55, 0x55, 0x55, 0x55, 0x55, 0x55, 0x22, 0x22, 
    0x22, 0x22, 0x22, 0x22, 0x22, 0x22, 0x22, 0x22, 0x22, 0x22, 0x22, 0x22, 0x21, 0x00, 0x11, 0x11, 
    0x11, 0x11, 0x11, 0x11, 0x11, 0x10, 0x00, 0x11, 0x11, 0x11, 0x11, 0x11, 0x11, 0x11, 0x11, 0x11, 
    0x11, 0x11, 0x11, 0x11, 0x11, 0x11, 0x11, 0x11, 0x11, 0x11, 0x11, 0x11, 0x11, 0x11, 0x11, 0x11, 
    0x11, 0x11, 0x11, 0x11, 0x11, 0x11, 0x11, 0x11, 0x11, 0x11, 0x11, 0x11, 0x11, 0x11, 0x10, 0x02, 
    0x22, 0x22, 0x22, 0x22, 0x22, 0x22, 0x31, 0x11, 0x31, 0x11, 0x51, 0x11, 0x31, 0x11, 0x11, 0x13, 
    0x11, 0x31, 0x11, 0x51, 0x31, 0x13, 0x11, 0x11, 0x11, 0x22, 0x22, 0x22, 0x22, 0x22, 0x22, 0x22, 
    0x22, 0x22, 0x22, 0x22, 0x22, 0x55, 0x55, 0x55, 0x55, 0x55, 0x55, 0x55, 0x55, 0x11, 0x55, 0x55, 
    0x55, 0x55, 0x55, 0x55, 0x55, 0x55, 0x52, 0x22, 0x22, 0x22, 0x22, 0x22, 0x22, 0x22, 0x22, 0x22, 
    0x22, 0x22, 0x22, 0x22, 0x21, 0x00, 0x52, 0x11, 0x31, 0x11, 0x31, 0x11, 0x11, 0x11, 0x11, 0x11, 
    0x11, 0x11, 0x11, 0x11, 0x11, 0x11, 0x11, 0x11, 0x11, 0x11, 0x11, 0x11, 0x11, 0x11, 0x11, 0x11, 
    0x11, 0x11, 0x11, 0x11, 0x11, 0x50, 0x00, 0x11, 0x11, 0x11, 0x11, 0x11, 0x11, 0x11, 0x11, 0x11, 
    0x11, 0x11, 0x11, 0x11, 0x11, 0x11, 0x11, 0x00, 0x22, 0x22, 0x22, 0x22, 0x22, 0x22, 0x11, 0x31, 
    0x13, 0x13, 0x11, 0x31, 0x11, 0x31, 0x31, 0x31, 0x13, 0x11, 0x31, 0x11, 0x13, 0x11, 0x13, 0x13, 
    0x12, 0x22, 0x22, 0x22, 0x22, 0x22, 0x22, 0x22, 0x22, 0x22, 0x22, 0x22, 0x22, 0x55, 0x55, 0x55, 
    0x55, 0x55, 0x55, 0x55, 0x11, 0x11, 0x11, 0x55, 0x55, 0x55, 0x55, 0x55, 0x55, 0x55, 0x52, 0x22, 
    0x22, 0x22, 0x22, 0x22, 0x22, 0x22, 0x22, 0x22, 0x22, 0x22, 0x22, 0x22, 0x22, 0x10, 0x01, 0x11, 
    0x11, 0x11, 0x11, 0x21, 0x12, 0x11, 0x11, 0x11, 0x11, 0x11, 0x11, 0x11, 0x11, 0x11, 0x11, 0x11, 
    0x11, 0x11, 0x11, 0x11, 0x11, 0x11, 0x11, 0x11, 0x11, 0x11, 0x11, 0x11, 0x10, 0x00, 0x00, 0x01, 
    0x11, 0x11, 0x11, 0x11, 0x11, 0x11, 0x11, 0x11, 0x11, 0x11, 0x11, 0x11, 0x11, 0x11, 0x11, 0x00, 
    0x12, 0x22, 0x22, 0x11, 0x12, 0x22, 0x25, 0x11, 0x31, 0x11, 0x13, 0x11, 0x31, 0x11, 0x11, 0x11, 
    0x31, 0x13, 0x11, 0x11, 0x11, 0x13, 0x11, 0x11, 0x22, 0x22, 0x22, 0x22, 0x22, 0x22, 0x22, 0x22, 
    0x22, 0x22, 0x22, 0x22, 0x22, 0x55, 0x55, 0x55, 0x55, 0x55, 0x55, 0x55, 0x11, 0x11, 0x11, 0x11, 
    0x55, 0x55, 0x55, 0x55, 0x55, 0x55, 0x52, 0x22, 0x22, 0x22, 0x22, 0x22, 0x22, 0x22, 0x22, 0x22, 
    0x22, 0x22, 0x22, 0x22, 0x21, 0x00, 0x11, 0x11, 0x11, 0x11, 0x11, 0x11, 0x11, 0x11, 0x11, 0x11, 
    0x11, 0x11, 0x11, 0x11, 0x11, 0x11, 0x11, 0x11, 0x11, 0x11, 0x11, 0x11, 0x11, 0x11, 0x11, 0x11, 
    0x11, 0x11, 0x11, 0x11, 0x00, 0x00, 0x00, 0x00, 0x11, 0x11, 0x11, 0x11, 0x11, 0x11, 0x11, 0x11, 
    0x11, 0x11, 0x11, 0x11, 0x11, 0x11, 0x11, 0x10, 0x01, 0x12, 0x15, 0x30, 0x00, 0x22, 0x22, 0x13, 
    0x11, 0x31, 0x11, 0x11, 0x11, 0x31, 0x31, 0x31, 0x11, 0x11, 0x31, 0x00, 0x00, 0x11, 0x13, 0x13, 
    0x22, 0x22, 0x22, 0x22, 0x22, 0x22, 0x22, 0x22, 0x22, 0x22, 0x22, 0x22, 0x22, 0x55, 0x55, 0x55, 
    0x55, 0x55, 0x55, 0x51, 0x11, 0x11, 0x11, 0x11, 0x55, 0x55, 0x55, 0x55, 0x55, 0x55, 0x52, 0x22, 
    0x22, 0x22, 0x22, 0x22, 0x22, 0x22, 0x22, 0x22, 0x22, 0x22, 0x22, 0x22, 0x21, 0x00, 0x11, 0x11, 
    0x11, 0x11, 0x11, 0x11, 0x11, 0x11, 0x11, 0x11, 0x11, 0x11, 0x11, 0x11, 0x11, 0x11, 0x11, 0x11, 
    0x11, 0x11, 0x11, 0x11, 0x11, 0x11, 0x11, 0x11, 0x11, 0x11, 0x11, 0x11, 0x06, 0x10, 0x50, 0x00, 
    0x11, 0x11, 0x11, 0x11, 0x11, 0x11, 0x11, 0x11, 0x11, 0x11, 0x11, 0x11, 0x11, 0x11, 0x11, 0x11, 
    0x00, 0x00, 0x00, 0x00, 0x05, 0x22, 0x22, 0x11, 0x11, 0x13, 0x13, 0x13, 0x15, 0x11, 0x15, 0x11, 
    0x31, 0x31, 0x11, 0x00, 0x00, 0x11, 0x31, 0x22, 0x22, 0x22, 0x22, 0x12, 0x12, 0x22, 0x22, 0x22, 
    0x22, 0x22, 0x22, 0x22, 0x22, 0x55, 0x55, 0x55, 0x55, 0x55, 0x55, 0x51, 0x11, 0x11, 0x11, 0x11, 
    0x55, 0x55, 0x55, 0x55, 0x55, 0x55, 0x52, 0x22, 0x22, 0x22, 0x22, 0x22, 0x22, 0x22, 0x22, 0x22, 
    0x22, 0x22, 0x22, 0x22, 0x10, 0x01, 0x11, 0x11, 0x11, 0x11, 0x11, 0x11, 0x11, 0x11, 0x11, 0x11, 
    0x11, 0x11, 0x11, 0x11, 0x11, 0x11, 0x11, 0x11, 0x11, 0x11, 0x11, 0x11, 0x11, 0x11, 0x11, 0x11, 
    0x11, 0x11, 0x11, 0x10, 0x01, 0x10, 0x00, 0x50, 0x01, 0x11, 0x11, 0x11, 0x11, 0x11, 0x11, 0x11, 
    0x11, 0x11, 0x11, 0x11, 0x11, 0x11, 0x00, 0x00, 0x00, 0x00, 0x52, 0x12, 0x12, 0x22, 0x22, 0x13, 
    0x13, 0x11, 0x11, 0x51, 0x12, 0x13, 0x11, 0x31, 0x11, 0x11, 0x11, 0x00, 0x00, 0x11, 0x12, 0x22, 
    0x22, 0x22, 0x22, 0x10, 0x01, 0x22, 0x22, 0x22, 0x22, 0x22, 0x22, 0x22, 0x22, 0x55, 0x55, 0x55, 
    0x55, 0x55, 0x55, 0x11, 0x11, 0x11, 0x11, 0x11, 0x55, 0x55, 0x55, 0x55, 0x55, 0x55, 0x52, 0x22, 
    0x22, 0x22, 0x22, 0x22, 0x22, 0x22, 0x22, 0x22, 0x22, 0x22, 0x22, 0x22, 0x50, 0x11, 0x11, 0x11, 
    0x11, 0x11, 0x11, 0x11, 0x11, 0x11, 0x11, 0x11, 0x11, 0x11, 0x11, 0x11, 0x11, 0x00, 0x00, 0x00, 
    0x11, 0x11, 0x11, 0x11, 0x11, 0x11, 0x11, 0x11, 0x11, 0x11, 0x11, 0x10, 0x00, 0x00, 0x00, 0x60, 
    0x01, 0x11, 0x11, 0x11, 0x11, 0x11, 0x11, 0x11, 0x11, 0x11, 0x11, 0x11, 0x10, 0x00, 0x00, 0x00, 
    0x00, 0x11, 0x22, 0x22, 0x22, 0x22, 0x22, 0x21, 0x11, 0x51, 0x31, 0x13, 0x11, 0x11, 0x31, 0x11, 
    0x31, 0x10, 0x00, 0x01, 0x00, 0x00, 0x52, 0x22, 0x22, 0x22, 0x21, 0x30, 0x00, 0x12, 0x22, 0x22, 
    0x22, 0x22, 0x22, 0x22, 0x12, 0x25, 0x55, 0x55, 0x55, 0x55, 0x55, 0x51, 0x11, 0x11, 0x11, 0x11, 
    0x15, 0x55, 0x55, 0x55, 0x55, 0x55, 0x62, 0x22, 0x22, 0x22, 0x22, 0x22, 0x22, 0x22, 0x22, 0x22, 
    0x22, 0x22, 0x22, 0x21, 0x00, 0x11, 0x11, 0x11, 0x11, 0x11, 0x11, 0x11, 0x11, 0x11, 0x11, 0x11, 
    0x11, 0x11, 0x11, 0x11, 0x10, 0x00, 0x00, 0x00, 0x11, 0x11, 0x11, 0x11, 0x11, 0x11, 0x11, 0x11, 
    0x11, 0x11, 0x11, 0x10, 0x00, 0x05, 0x05, 0x05, 0x01, 0x11, 0x11, 0x11, 0x11, 0x11, 0x11, 0x11, 
    0x11, 0x11, 0x11, 0x00, 0x00, 0x00, 0x05, 0x11, 0x10, 0x01, 0x22, 0x22, 0x22, 0x22, 0x22, 0x22, 
    0x31, 0x21, 0x13, 0x11, 0x13, 0x11, 0x11, 0x31, 0x11, 0x10, 0x00, 0x11, 0x10, 0x00, 0x01, 0x22, 
    0x22, 0x22, 0x11, 0x00, 0x00, 0x11, 0x22, 0x22, 0x22, 0x22, 0x22, 0x22, 0x22, 0x26, 0x55, 0x55, 
    0x55, 0x55, 0x55, 0x11, 0x11, 0x11, 0x11, 0x11, 0x55, 0x55, 0x55, 0x55, 0x55, 0x52, 0x22, 0x22, 
    0x22, 0x22, 0x22, 0x22, 0x22, 0x22, 0x22, 0x22, 0x22, 0x22, 0x22, 0x13, 0x01, 0x11, 0x11, 0x11, 
    0x11, 0x11, 0x11, 0x11, 0x11, 0x11, 0x11, 0x11, 0x11, 0x11, 0x11, 0x11, 0x00, 0x51, 0x00, 0x50, 
    0x01, 0x11, 0x11, 0x11, 0x11, 0x11, 0x11, 0x11, 0x11, 0x11, 0x11, 0x15, 0x00, 0x00, 0x00, 0x00, 
    0x01, 0x11, 0x11, 0x11, 0x11, 0x11, 0x11, 0x11, 0x11, 0x10, 0x00, 0x00, 0x00, 0x11, 0x11, 0x11, 
    0x10, 0x02, 0x22, 0x22, 0x22, 0x22, 0x22, 0x22, 0x22, 0x13, 0x11, 0x13, 0x11, 0x31, 0x31, 0x11, 
    0x31, 0x10, 0x00, 0x11, 0x11, 0x00, 0x12, 0x22, 0x22, 0x12, 0x00, 0x00, 0x60, 0x00, 0x01, 0x22, 
    0x22, 0x22, 0x22, 0x22, 0x22, 0x22, 0x25, 0x55, 0x55, 0x55, 0x55, 0x51, 0x11, 0x11, 0x11, 0x15, 
    0x55, 0x55, 0x55, 0x55, 0x55, 0x62, 0x22, 0x22, 0x22, 0x22, 0x22, 0x22, 0x22, 0x22, 0x22, 0x22, 
    0x22, 0x22, 0x22, 0x10, 0x01, 0x11, 0x11, 0x11, 0x11, 0x11, 0x11, 0x11, 0x11, 0x11, 0x11, 0x11, 
    0x11, 0x11, 0x11, 0x11, 0x00, 0x11, 0x00, 0x00, 0x01, 0x11, 0x11, 0x11, 0x11, 0x11, 0x11, 0x11, 
    0x11, 0x11, 0x11, 0x11, 0x00, 0x56, 0x05, 0x60, 0x01, 0x11, 0x11, 0x11, 0x11, 0x11, 0x11, 0x11, 
    0x00, 0x00, 0x00, 0x01, 0x11, 0x11, 0x11, 0x11, 0x11, 0x01, 0x22, 0x22, 0x22, 0x22, 0x22, 0x22, 
    0x22, 0x22, 0x13, 0x11, 0x51, 0x11, 0x15, 0x11, 0x13, 0x21, 0x10, 0x11, 0x10, 0x01, 0x12, 0x22, 
    0x22, 0x25, 0x00, 0x01, 0x11, 0x00, 0x02, 0x22, 0x22, 0x22, 0x22, 0x22, 0x22, 0x22, 0x22, 0x22, 
    0x26, 0x55, 0x55, 0x55, 0x55, 0x11, 0x11, 0x55, 0x55, 0x55, 0x55, 0x55, 0x22, 0x22, 0x22, 0x22, 
    0x22, 0x22, 0x22, 0x22, 0x22, 0x22, 0x22, 0x22, 0x22, 0x22, 0x22, 0x30, 0x11, 0x11, 0x11, 0x11, 
    0x11, 0x11, 0x11, 0x11, 0x11, 0x11, 0x11, 0x11, 0x11, 0x11, 0x11, 0x11, 0x00, 0x00, 0x00, 0x50, 
    0x00, 0x11, 0x11, 0x11, 0x11, 0x11, 0x11, 0x11, 0x11, 0x11, 0x11, 0x11, 0x00, 0x05, 0x00, 0x00, 
    0x01, 0x11, 0x11, 0x11, 0x11, 0x11, 0x11, 0x00, 0x00, 0x01, 0x11, 0x11, 0x11, 0x11, 0x11, 0x11, 
    0x11, 0x00, 0x12, 0x22, 0x22, 0x22, 0x22, 0x22, 0x22, 0x22, 0x22, 0x22, 0x13, 0x13, 0x12, 0x32, 
    0x22, 0x21, 0x20, 0x00, 0x00, 0x00, 0x22, 0x22, 0x22, 0x22, 0x00, 0x11, 0x11, 0x00, 0x02, 0x22, 
    0x22, 0x22, 0x22, 0x22, 0x22, 0x22, 0x22, 0x22, 0x22, 0x55, 0x55, 0x55, 0x55, 0x55, 0x55, 0x55, 
    0x55, 0x55, 0x55, 0x55, 0x12, 0x22, 0x22, 0x22, 0x22, 0x22, 0x22, 0x22, 0x22, 0x22, 0x22, 0x22, 
    0x22, 0x22, 0x21, 0x00, 0x11, 0x11, 0x11, 0x11, 0x11, 0x11, 0x11, 0x11, 0x11, 0x11, 0x11, 0x11, 
    0x11, 0x11, 0x11, 0x11, 0x00, 0x00, 0x50, 0x06, 0x00, 0x11, 0x11, 0x11, 0x11, 0x11, 0x11, 0x11, 
    0x11, 0x11, 0x11, 0x11, 0x10, 0x00, 0x00, 0x00, 0x11, 0x11, 0x11, 0x11, 0x11, 0x11, 0x00, 0x00, 
    0x11, 0x11, 0x11, 0x11, 0x11, 0x11, 0x11, 0x11, 0x11, 0x00, 0x22, 0x22, 0x22, 0x22, 0x22, 0x22, 
    0x22, 0x22, 0x22, 0x22, 0x22, 0x22, 0x22, 0x22, 0x22, 0x22, 0x00, 0x00, 0x00, 0x00, 0x22, 0x22, 
    0x22, 0x21, 0x10, 0x01, 0x11, 0x00, 0x11, 0x22, 0x22, 0x22, 0x22, 0x22, 0x22, 0x22, 0x22, 0x22, 
    0x25, 0x55, 0x55, 0x55, 0x55, 0x55, 0x55, 0x55, 0x55, 0x55, 0x55, 0x55, 0x52, 0x22, 0x22, 0x22, 
    0x22, 0x22, 0x22, 0x22, 0x22, 0x22, 0x22, 0x22, 0x22, 0x22, 0x21, 0x00, 0x11, 0x11, 0x11, 0x11, 
    0x11, 0x11, 0x11, 0x11, 0x11, 0x11, 0x11, 0x11, 0x11, 0x11, 0x11, 0x11, 0x00, 0x50, 0x06, 0x50, 
    0x05, 0x11, 0x11, 0x11, 0x11, 0x13, 0x13, 0x31, 0x31, 0x11, 0x11, 0x11, 0x11, 0x00, 0x00, 0x01, 
    0x11, 0x11, 0x11, 0x11, 0x11, 0x10, 0x01, 0x11, 0x11, 0x11, 0x12, 0x11, 0x21, 0x11, 0x11, 0x11, 
    0x11, 0x10, 0x22, 0x22, 0x22, 0x22, 0x22, 0x22, 0x22, 0x22, 0x22, 0x22, 0x22, 0x22, 0x22, 0x22, 
    0x22, 0x22, 0x10, 0x01, 0x12, 0x51, 0x22, 0x22, 0x22, 0x22, 0x10, 0x00, 0x00, 0x00, 0x12, 0x22, 
    0x22, 0x22, 0x22, 0x22, 0x22, 0x22, 0x22, 0x22, 0x55, 0x55, 0x55, 0x55, 0x55, 0x55, 0x55, 0x55, 
    0x55, 0x55, 0x55, 0x55, 0x55, 0x22, 0x22, 0x22, 0x22, 0x22, 0x22, 0x22, 0x22, 0x22, 0x22, 0x22, 
    0x22, 0x22, 0x25, 0x01, 0x11, 0x11, 0x11, 0x11, 0x11, 0x11, 0x11, 0x11, 0x11, 0x11, 0x11, 0x11, 
    0x11, 0x11, 0x11, 0x11, 0x00, 0x00, 0x50, 0x00, 0x01, 0x11, 0x11, 0x11, 0x63, 0x13, 0x11, 0x13, 
    0x13, 0x11, 0x11, 0x11, 0x11, 0x11, 0x11, 0x11, 0x11, 0x11, 0x11, 0x11, 0x52, 0x11, 0x11, 0x11, 
    0x11, 0x31, 0x11, 0x11, 0x11, 0x11, 0x11, 0x11, 0x11, 0x10, 0x21, 0x21, 0x22, 0x22, 0x22, 0x22, 
    0x22, 0x22, 0x22, 0x22, 0x22, 0x22, 0x22, 0x22, 0x22, 0x22, 0x22, 0x22, 0x22, 0x22, 0x22, 0x22, 
    0x22, 0x22, 0x20, 0x00, 0x00, 0x00, 0x22, 0x22, 0x22, 0x22, 0x22, 0x22, 0x22, 0x22, 0x22, 0x22, 
    0x55, 0x55, 0x55, 0x55, 0x55, 0x55, 0x55, 0x55, 0x55, 0x55, 0x55, 0x55, 0x55, 0x12, 0x22, 0x22, 
    0x22, 0x22, 0x22, 0x22, 0x22, 0x22, 0x22, 0x22, 0x22, 0x22, 0x10, 0x01, 0x11, 0x11, 0x11, 0x11, 
    0x11, 0x11, 0x11, 0x11, 0x11, 0x11, 0x11, 0x11, 0x11, 0x11, 0x11, 0x11, 0x00, 0x00, 0x00, 0x50, 
    0x01, 0x11, 0x11, 0x11, 0x31, 0x11, 0x31, 0x51, 0x13, 0x11, 0x11, 0x11, 0x11, 0x11, 0x11, 0x11, 
    0x11, 0x11, 0x11, 0x51, 0x11, 0x11, 0x11, 0x31, 0x11, 0x11, 0x11, 0x11, 0x15, 0x30, 0x00, 0x00, 
    0x00, 0x00, 0x05, 0x00, 0x12, 0x22, 0x22, 0x22, 0x22, 0x22, 0x22, 0x22, 0x22, 0x22, 0x22, 0x22, 
    0x22, 0x22, 0x22, 0x22, 0x22, 0x22, 0x22, 0x22, 0x22, 0x22, 0x10, 0x00, 0x11, 0x00, 0x12, 0x22, 
    0x22, 0x22, 0x22, 0x22, 0x22, 0x22, 0x22, 0x25, 0x55, 0x55, 0x55, 0x55, 0x55, 0x55, 0x55, 0x55, 
    0x55, 0x55, 0x55, 0x55, 0x55, 0x22, 0x22, 0x22, 0x22, 0x22, 0x22, 0x22, 0x22, 0x22, 0x22, 0x22, 
    0x22, 0x22, 0x20, 0x01, 0x11, 0x11, 0x11, 0x11, 0x11, 0x11, 0x11, 0x11, 0x11, 0x11, 0x11, 0x11, 
    0x11, 0x11, 0x11, 0x11, 0x10, 0x05, 0x65, 0x00, 0x11, 0x11, 0x11, 0x11, 0x13, 0x13, 0x13, 0x13, 
    0x13, 0x11, 0x11, 0x11, 0x11, 0x11, 0x11, 0x11, 0x11, 0x11, 0x13, 0x11, 0x21, 0x31, 0x31, 0x11, 
    0x11, 0x00, 0x00, 0x00, 0x00, 0x00, 0x00, 0x00, 0x00, 0x00, 0x00, 0x00, 0x00, 0x00, 0x02, 0x22, 
    0x22, 0x22, 0x22, 0x22, 0x22, 0x22, 0x22, 0x22, 0x22, 0x22, 0x22, 0x22, 0x22, 0x22, 0x22, 0x22, 
    0x22, 0x22, 0x22, 0x12, 0x11, 0x12, 0x22, 0x22, 0x22, 0x22, 0x22, 0x22, 0x22, 0x22, 0x22, 0x25, 
    0x55, 0x55, 0x55, 0x55, 0x55, 0x55, 0x55, 0x55, 0x55, 0x55, 0x55, 0x55, 0x55, 0x22, 0x22, 0x22, 
    0x22, 0x22, 0x22, 0x22, 0x22, 0x22, 0x22, 0x22, 0x22, 0x22, 0x10, 0x11, 0x11, 0x11, 0x11, 0x11, 
    0x11, 0x11, 0x11, 0x11, 0x11, 0x11, 0x11, 0x11, 0x11, 0x11, 0x11, 0x11, 0x11, 0x00, 0x00, 0x01, 
    0x11, 0x11, 0x11, 0x11, 0x13, 0x51, 0x31, 0x31, 0x01, 0x11, 0x11, 0x11, 0x11, 0x11, 0x11, 0x11, 
    0x11, 0x11, 0x31, 0x11, 0x11, 0x11, 0x15, 0x00, 0x00, 0x00, 0x00, 0x00, 0x10, 0x16, 0x11, 0x11, 
    0x11, 0x15, 0x01, 0x22, 0x22, 0x12, 0x22, 0x22, 0x22, 0x22, 0x22, 0x22, 0x22, 0x22, 0x22, 0x22, 
    0x22, 0x22, 0x22, 0x22, 0x22, 0x22, 0x22, 0x22, 0x22, 0x22, 0x22, 0x22, 0x22, 0x22, 0x22, 0x22, 
    0x22, 0x22, 0x22, 0x22, 0x22, 0x22, 0x22, 0x25, 0x55, 0x55, 0x55, 0x55, 0x55, 0x55, 0x55, 0x55, 
    0x55, 0x55, 0x55, 0x55, 0x55, 0x22, 0x22, 0x22, 0x22, 0x22, 0x22, 0x22, 0x22, 0x22, 0x22, 0x22, 
    0x22, 0x21, 0x00, 0x11, 0x11, 0x11, 0x11, 0x11, 0x11, 0x11, 0x11, 0x11, 0x11, 0x11, 0x11, 0x11, 
    0x11, 0x11, 0x11, 0x11, 0x11, 0x11, 0x11, 0x11, 0x11, 0x11, 0x11, 0x11, 0x11, 0x13, 0x11, 0x13, 
    0x11, 0x11, 0x11, 0x11, 0x11, 0x11, 0x11, 0x11, 0x11, 0x11, 0x11, 0x13, 0x11, 0x11, 0x12, 0x10, 
    0x11, 0x11, 0x11, 0x11, 0x11, 0x11, 0x11, 0x11, 0x11, 0x10, 0x02, 0x22, 0x22, 0x22, 0x22, 0x22, 
    0x22, 0x22, 0x22, 0x22, 0x22, 0x22, 0x22, 0x22, 0x22, 0x22, 0x22, 0x22, 0x22, 0x22, 0x22, 0x22, 
    0x22, 0x22, 0x22, 0x22, 0x22, 0x22, 0x22, 0x22, 0x22, 0x22, 0x22, 0x22, 0x22, 0x22, 0x22, 0x25, 
    0x55, 0x55, 0x55, 0x55, 0x55, 0x55, 0x52, 0x65, 0x55, 0x55, 0x55, 0x55, 0x52, 0x22, 0x22, 0x22, 
    0x22, 0x22, 0x22, 0x22, 0x22, 0x22, 0x22, 0x12, 0x22, 0x21, 0x00, 0x11, 0x11, 0x11, 0x11, 0x11, 
    0x11, 0x11, 0x11, 0x11, 0x11, 0x11, 0x11, 0x11, 0x11, 0x11, 0x11, 0x11, 0x11, 0x11, 0x11, 0x11, 
    0x11, 0x11, 0x11, 0x11, 0x11, 0x11, 0x10, 0x01, 0x11, 0x11, 0x11, 0x11, 0x11, 0x11, 0x11, 0x11, 
    0x11, 0x11, 0x13, 0x11, 0x13, 0x13, 0x11, 0x11, 0x11, 0x11, 0x11, 0x11, 0x11, 0x11, 0x11, 0x11, 
    0x11, 0x16, 0x02, 0x22, 0x22, 0x22, 0x22, 0x22, 0x22, 0x22, 0x22, 0x22, 0x22, 0x22, 0x22, 0x22, 
    0x22, 0x22, 0x22, 0x22, 0x22, 0x22, 0x22, 0x22, 0x22, 0x22, 0x22, 0x22, 0x22, 0x22, 0x22, 0x22, 
    0x22, 0x22, 0x22, 0x22, 0x22, 0x22, 0x22, 0x22, 0x55, 0x55, 0x55, 0x55, 0x55, 0x55, 0x52, 0x21, 
    0x55, 0x55, 0x55, 0x55, 0x52, 0x22, 0x22, 0x22, 0x22, 0x22, 0x22, 0x22, 0x22, 0x22, 0x22, 0x22, 
    0x22, 0x21, 0x05, 0x11, 0x11, 0x11, 0x11, 0x10, 0x51, 0x05, 0x01, 0x01, 0x11, 0x11, 0x11, 0x11, 
    0x11, 0x11, 0x11, 0x11, 0x11, 0x11, 0x11, 0x11, 0x11, 0x11, 0x11, 0x11, 0x11, 0x11, 0x10, 0x01, 
    0x11, 0x11, 0x11, 0x11, 0x11, 0x11, 0x11, 0x11, 0x11, 0x31, 0x11, 0x11, 0x11, 0x11, 0x11, 0x11, 
    0x11, 0x11, 0x11, 0x31, 0x13, 0x11, 0x11, 0x11, 0x11, 0x11, 0x01, 0x22, 0x22, 0x22, 0x22, 0x22, 
    0x22, 0x22, 0x22, 0x22, 0x22, 0x22, 0x22, 0x22, 0x22, 0x22, 0x22, 0x22, 0x22, 0x22, 0x22, 0x22, 
    0x22, 0x22, 0x22, 0x22, 0x22, 0x22, 0x22, 0x22, 0x22, 0x22, 0x22, 0x22, 0x22, 0x22, 0x22, 0x22, 
    0x65, 0x55, 0x55, 0x55, 0x55, 0x55, 0x22, 0x22, 0x26, 0x55, 0x55, 0x52, 0x22, 0x22, 0x22, 0x22, 
    0x22, 0x22, 0x22, 0x22, 0x22, 0x21, 0x21, 0x22, 0x12, 0x11, 0x00, 0x00, 0x00, 0x00, 0x00, 0x00, 
    0x00, 0x00, 0x00, 0x00, 0x00, 0x00, 0x00, 0x11, 0x11, 0x11, 0x11, 0x11, 0x11, 0x11, 0x11, 0x11, 
    0x11, 0x11, 0x11, 0x11, 0x11, 0x11, 0x15, 0x01, 0x11, 0x11, 0x11, 0x11, 0x11, 0x11, 0x11, 0x11, 
    0x11, 0x11, 0x13, 0x11, 0x31, 0x11, 0x31, 0x11, 0x11, 0x11, 0x11, 0x11, 0x11, 0x13, 0x11, 0x11, 
    0x11, 0x11, 0x02, 0x22, 0x22, 0x22, 0x22, 0x22, 0x22, 0x22, 0x22, 0x22, 0x22, 0x22, 0x22, 0x22, 
    0x22, 0x22, 0x22, 0x22, 0x22, 0x22, 0x22, 0x22, 0x22, 0x22, 0x22, 0x22, 0x22, 0x22, 0x22, 0x22, 
    0x22, 0x22, 0x22, 0x22, 0x22, 0x22, 0x22, 0x22, 0x21, 0x55, 0x55, 0x55, 0x55, 0x56, 0x22, 0x22, 
    0x22, 0x22, 0x22, 0x22, 0x22, 0x22, 0x22, 0x22, 0x22, 0x22, 0x22, 0x22, 0x12, 0x13, 0x00, 0x00, 
    0x00, 0x00, 0x00, 0x00, 0x00, 0x00, 0x00, 0x00, 0x00, 0x65, 0x25, 0x61, 0x52, 0x52, 0x52, 0x11, 
    0x31, 0x11, 0x11, 0x11, 0x11, 0x11, 0x11, 0x11, 0x11, 0x11, 0x11, 0x11, 0x11, 0x11, 0x11, 0x01, 
    0x11, 0x11, 0x11, 0x11, 0x11, 0x11, 0x11, 0x11, 0x11, 0x11, 0x11, 0x11, 0x11, 0x31, 0x11, 0x00, 
    0x00, 0x00, 0x00, 0x01, 0x11, 0x11, 0x11, 0x11, 0x11, 0x11, 0x01, 0x22, 0x22, 0x22, 0x22, 0x22, 
    0x22, 0x22, 0x22, 0x22, 0x22, 0x22, 0x22, 0x22, 0x22, 0x22, 0x22, 0x22, 0x22, 0x22, 0x22, 0x22, 
    0x22, 0x22, 0x22, 0x22, 0x22, 0x22, 0x22, 0x22, 0x22, 0x22, 0x22, 0x22, 0x22, 0x22, 0x22, 0x22, 
    0x22, 0x65, 0x55, 0x55, 0x55, 0x22, 0x22, 0x22, 0x22, 0x22, 0x22, 0x22, 0x22, 0x22, 0x22, 0x22, 
    0x22, 0x22, 0x22, 0x22, 0x00, 0x00, 0x00, 0x00, 0x50, 0x10, 0x01, 0x11, 0x11, 0x11, 0x11, 0x11, 
    0x11, 0x11, 0x11, 0x11, 0x11, 0x11, 0x11, 0x11, 0x11, 0x01, 0x11, 0x11, 0x11, 0x11, 0x11, 0x11, 
    0x11, 0x11, 0x11, 0x11, 0x11, 0x11, 0x11, 0x01, 0x11, 0x11, 0x11, 0x11, 0x11, 0x11, 0x11, 0x11, 
    0x13, 0x11, 0x31, 0x52, 0x11, 0x11, 0x11, 0x11, 0x11, 0x00, 0x00, 0x00, 0x00, 0x05, 0x11, 0x11, 
    0x11, 0x11, 0x02, 0x22, 0x22, 0x22, 0x22, 0x22, 0x22, 0x22, 0x22, 0x22, 0x22, 0x22, 0x22, 0x22, 
    0x22, 0x22, 0x22, 0x22, 0x22, 0x22, 0x22, 0x22, 0x22, 0x22, 0x22, 0x22, 0x22, 0x22, 0x22, 0x22, 
    0x22, 0x22, 0x22, 0x22, 0x22, 0x22, 0x22, 0x22, 0x22, 0x22, 0x22, 0x22, 0x22, 0x22, 0x22, 0x22, 
    0x22, 0x22, 0x22, 0x22, 0x22, 0x22, 0x22, 0x22, 0x22, 0x22, 0x22, 0x22, 0x22, 0x12, 0x11, 0x12, 
    0x22, 0x10, 0x01, 0x11, 0x11, 0x11, 0x11, 0x11, 0x11, 0x11, 0x11, 0x13, 0x11, 0x11, 0x11, 0x31, 
    0x11, 0x11, 0x31, 0x11, 0x11, 0x11, 0x11, 0x11, 0x11, 0x11, 0x11, 0x11, 0x11, 0x11, 0x11, 0x01, 
    0x11, 0x11, 0x11, 0x11, 0x11, 0x11, 0x11, 0x11, 0x11, 0x11, 0x11, 0x11, 0x13, 0x11, 0x31, 0x11, 
    0x11, 0x11, 0x11, 0x11, 0x00, 0x00, 0x00, 0x00, 0x11, 0x11, 0x02, 0x22, 0x22, 0x22, 0x22, 0x22, 
    0x22, 0x22, 0x22, 0x22, 0x22, 0x22, 0x22, 0x22, 0x22, 0x22, 0x22, 0x22, 0x22, 0x22, 0x22, 0x22, 
    0x22, 0x22, 0x22, 0x22, 0x22, 0x22, 0x22, 0x22, 0x22, 0x22, 0x22, 0x22, 0x22, 0x22, 0x22, 0x22, 
    0x22, 0x22, 0x22, 0x22, 0x22, 0x22, 0x22, 0x22, 0x22, 0x22, 0x22, 0x22, 0x22, 0x22, 0x22, 0x22, 
    0x22, 0x22, 0x22, 0x22, 0x22, 0x22, 0x22, 0x22, 0x22, 0x10, 0x01, 0x11, 0x11, 0x11, 0x11, 0x12, 
    0x11, 0x21, 0x31, 0x11, 0x11, 0x11, 0x31, 0x11, 0x31, 0x11, 0x11, 0x51, 0x11, 0x11, 0x11, 0x11, 
    0x11, 0x11, 0x11, 0x11, 0x11, 0x11, 0x11, 0x01, 0x11, 0x11, 0x11, 0x11, 0x11, 0x11, 0x11, 0x11, 
    0x11, 0x10, 0x11, 0x31, 0x11, 0x11, 0x11, 0x31, 0x11, 0x11, 0x11, 0x11, 0x11, 0x11, 0x00, 0x00, 
    0x00, 0x00, 0x01, 0x22, 0x22, 0x22, 0x22, 0x22, 0x22, 0x22, 0x22, 0x22, 0x22, 0x22, 0x22, 0x22, 
    0x22, 0x22, 0x22, 0x22, 0x22, 0x22, 0x22, 0x22, 0x22, 0x22, 0x22, 0x22, 0x22, 0x22, 0x22, 0x22, 
    0x22, 0x22, 0x22, 0x22, 0x22, 0x22, 0x22, 0x22, 0x22, 0x22, 0x22, 0x22, 0x22, 0x22, 0x22, 0x22, 
    0x22, 0x22, 0x22, 0x22, 0x22, 0x22, 0x22, 0x22, 0x22, 0x22, 0x22, 0x22, 0x22, 0x22, 0x22, 0x22, 
    0x22, 0x20, 0x01, 0x11, 0x11, 0x11, 0x11, 0x11, 0x11, 0x11, 0x11, 0x11, 0x50, 0x00, 0x11, 0x11, 
    0x11, 0x31, 0x11, 0x21, 0x11, 0x11, 0x11, 0x11, 0x11, 0x11, 0x11, 0x11, 0x11, 0x11, 0x11, 0x00, 
    0x11, 0x11, 0x11, 0x11, 0x11, 0x11, 0x11, 0x11, 0x13, 0x11, 0x11, 0x11, 0x31, 0x15, 0x11, 0x11, 
    0x31, 0x13, 0x11, 0x11, 0x11, 0x11, 0x11, 0x11, 0x10, 0x00, 0x00, 0x51, 0x12, 0x22, 0x22, 0x22, 
    0x22, 0x22, 0x22, 0x22, 0x22, 0x22, 0x22, 0x22, 0x22, 0x22, 0x22, 0x22, 0x22, 0x22, 0x22, 0x22, 
    0x22, 0x22, 0x22, 0x22, 0x22, 0x22, 0x22, 0x22, 0x22, 0x23, 0x33, 0x33, 0x22, 0x22, 0x22, 0x22, 
    0x22, 0x22, 0x22, 0x22, 0x22, 0x22, 0x22, 0x22, 0x22, 0x22, 0x22, 0x22, 0x22, 0x22, 0x22, 0x22, 
    0x22, 0x22, 0x22, 0x22, 0x22, 0x22, 0x22, 0x22, 0x22, 0x10, 0x01, 0x11, 0x11, 0x11, 0x11, 0x11, 
    0x11, 0x15, 0x00, 0x00, 0x00, 0x01, 0x11, 0x31, 0x11, 0x11, 0x31, 0x11, 0x11, 0x11, 0x11, 0x11, 
    0x11, 0x11, 0x11, 0x11, 0x11, 0x11, 0x11, 0x00, 0x11, 0x11, 0x11, 0x11, 0x11, 0x11, 0x11, 0x11, 
    0x11, 0x11, 0x31, 0x11, 0x11, 0x12, 0x13, 0x11, 0x11, 0x11, 0x13, 0x13, 0x11, 0x31, 0x11, 0x11, 
    0x11, 0x10, 0x00, 0x00, 0x01, 0x21, 0x22, 0x22, 0x22, 0x22, 0x22, 0x22, 0x22, 0x22, 0x22, 0x22, 
    0x22, 0x22, 0x22, 0x22, 0x22, 0x22, 0x22, 0x22, 0x22, 0x22, 0x22, 0x22, 0x22, 0x22, 0x22, 0x23, 
    0x33, 0x33, 0x33, 0x33, 0x32, 0x22, 0x22, 0x22, 0x22, 0x22, 0x22, 0x22, 0x22, 0x22, 0x22, 0x22, 
    0x22, 0x22, 0x22, 0x22, 0x22, 0x22, 0x22, 0x22, 0x22, 0x22, 0x22, 0x22, 0x22, 0x22, 0x22, 0x22, 
    0x22, 0x20, 0x51, 0x11, 0x11, 0x11, 0x11, 0x11, 0x00, 0x00, 0x00, 0x01, 0x11, 0x11, 0x11, 0x11, 
    0x31, 0x11, 0x11, 0x13, 0x11, 0x11, 0x11, 0x11, 0x11, 0x11, 0x11, 0x11, 0x11, 0x11, 0x11, 0x00, 
    0x11, 0x11, 0x10, 0x11, 0x11, 0x11, 0x11, 0x11, 0x11, 0x11, 0x11, 0x31, 0x13, 0x11, 0x11, 0x11, 
    0x13, 0x11, 0x11, 0x11, 0x11, 0x11, 0x11, 0x11, 0x11, 0x10, 0x51, 0x10, 0x00, 0x00, 0x22, 0x22, 
    0x22, 0x22, 0x22, 0x22, 0x22, 0x22, 0x22, 0x22, 0x22, 0x22, 0x22, 0x33, 0x33, 0x22, 0x22, 0x22, 
    0x22, 0x22, 0x22, 0x22, 0x22, 0x23, 0x33, 0x33, 0x33, 0x33, 0x33, 0x33, 0x33, 0x22, 0x22, 0x22, 
    0x22, 0x22, 0x22, 0x22, 0x22, 0x22, 0x22, 0x22, 0x22, 0x22, 0x22, 0x22, 0x22, 0x22, 0x22, 0x22, 
    0x22, 0x22, 0x22, 0x22, 0x22, 0x22, 0x22, 0x22, 0x22, 0x10, 0x01, 0x11, 0x11, 0x11, 0x00, 0x00, 
    0x00, 0x01, 0x11, 0x11, 0x11, 0x11, 0x11, 0x31, 0x11, 0x31, 0x13, 0x11, 0x11, 0x11, 0x11, 0x11, 
    0x11, 0x11, 0x11, 0x11, 0x11, 0x11, 0x11, 0x10, 0x11, 0x11, 0x00, 0x11, 0x11, 0x11, 0x11, 0x11, 
    0x11, 0x01, 0x11, 0x11, 0x11, 0x13, 0x11, 0x31, 0x11, 0x13, 0x11, 0x31, 0x13, 0x11, 0x31, 0x11, 
    0x11, 0x10, 0x21, 0x21, 0x11, 0x00, 0x02, 0x22, 0x22, 0x22, 0x22, 0x22, 0x22, 0x22, 0x22, 0x22, 
    0x22, 0x22, 0x33, 0x33, 0x33, 0x32, 0x22, 0x22, 0x22, 0x22, 0x22, 0x22, 0x22, 0x33, 0x33, 0x33, 
    0x33, 0x33, 0x33, 0x33, 0x33, 0x32, 0x22, 0x22, 0x22, 0x22, 0x22, 0x22, 0x22, 0x22, 0x22, 0x22, 
    0x22, 0x22, 0x22, 0x22, 0x22, 0x22, 0x22, 0x22, 0x22, 0x22, 0x22, 0x22, 0x22, 0x22, 0x22, 0x22, 
    0x22, 0x10, 0x01, 0x11, 0x10, 0x00, 0x00, 0x00, 0x11, 0x11, 0x11, 0x11, 0x11, 0x11, 0x31, 0x11, 
    0x11, 0x11, 0x11, 0x11, 0x15, 0x11, 0x11, 0x11, 0x11, 0x11, 0x11, 0x11, 0x11, 0x11, 0x11, 0x10, 
    0x11, 0x11, 0x00, 0x11, 0x11, 0x11, 0x11, 0x11, 0x11, 0x11, 0x13, 0x11, 0x31, 0x11, 0x11, 0x11, 
    0x31, 0x11, 0x11, 0x11, 0x11, 0x11, 0x11, 0x11, 0x11, 0x10, 0x22, 0x22, 0x22, 0x22, 0x22, 0x22, 
    0x22, 0x22, 0x22, 0x22, 0x22, 0x22, 0x22, 0x22, 0x23, 0x33, 0x33, 0x33, 0x33, 0x33, 0x32, 0x22, 
    0x22, 0x22, 0x22, 0x22, 0x23, 0x33, 0x33, 0x33, 0x33, 0x33, 0x33, 0x33, 0x33, 0x33, 0x22, 0x22, 
    0x22, 0x22, 0x22, 0x22, 0x22, 0x22, 0x22, 0x22, 0x22, 0x22, 0x22, 0x22, 0x22, 0x22, 0x22, 0x22, 
    0x22, 0x22, 0x22, 0x22, 0x22, 0x22, 0x22, 0x22, 0x22, 0x10, 0x01, 0x00, 0x00, 0x00, 0x01, 0x11, 
    0x11, 0x11, 0x13, 0x11, 0x13, 0x00, 0x01, 0x11, 0x31, 0x51, 0x31, 0x51, 0x12, 0x11, 0x11, 0x11, 
    0x11, 0x11, 0x11, 0x11, 0x50, 0x01, 0x11, 0x10, 0x01, 0x00, 0x01, 0x11, 0x11, 0x11, 0x11, 0x11, 
    0x11, 0x13, 0x11, 0x11, 0x11, 0x51, 0x31, 0x11, 0x11, 0x51, 0x31, 0x13, 0x11, 0x13, 0x11, 0x11, 
    0x11, 0x00, 0x12, 0x22, 0x22, 0x22, 0x22, 0x22, 0x22, 0x22, 0x22, 0x22, 0x22, 0x22, 0x22, 0x23, 
    0x33, 0x33, 0x33, 0x33, 0x33, 0x33, 0x33, 0x22, 0x22, 0x22, 0x22, 0x22, 0x23, 0x33, 0x33, 0x33, 
    0x33, 0x33, 0x33, 0x33, 0x33, 0x33, 0x32, 0x22, 0x22, 0x22, 0x22, 0x22, 0x22, 0x22, 0x22, 0x22, 
    0x22, 0x22, 0x22, 0x22, 0x22, 0x22, 0x22, 0x22, 0x22, 0x22, 0x22, 0x22, 0x22, 0x22, 0x22, 0x22, 
    0x11, 0x10, 0x00, 0x00, 0x00, 0x11, 0x11, 0x11, 0x11, 0x31, 0x11, 0x11, 0x00, 0x01, 0x11, 0x11, 
    0x11, 0x11, 0x11, 0x21, 0x11, 0x11, 0x11, 0x11, 0x11, 0x11, 0x11, 0x11, 0x11, 0x00, 0x00, 0x00, 
    0x00, 0x00, 0x11, 0x11, 0x11, 0x11, 0x11, 0x11, 0x11, 0x11, 0x11, 0x31, 0x11, 0x11, 0x11, 0x31, 
    0x13, 0x11, 0x11, 0x11, 0x13, 0x11, 0x11, 0x11, 0x11, 0x00, 0x12, 0x22, 0x22, 0x22, 0x22, 0x22, 
    0x22, 0x22, 0x22, 0x22, 0x22, 0x22, 0x22, 0x33, 0x33, 0x33, 0x33, 0x33, 0x33, 0x33, 0x33, 0x22, 
    0x22, 0x22, 0x22, 0x23, 0x33, 0x33, 0x33, 0x33, 0x33, 0x33, 0x33, 0x33, 0x33, 0x33, 0x32, 0x22, 
    0x22, 0x22, 0x22, 0x22, 0x22, 0x22, 0x22, 0x22, 0x22, 0x22, 0x22, 0x22, 0x22, 0x22, 0x22, 0x22, 
    0x22, 0x22, 0x22, 0x22, 0x22, 0x22, 0x22, 0x11, 0x00, 0x00, 0x00, 0x11, 0x11, 0x11, 0x11, 0x11, 
    0x21, 0x11, 0x10, 0x00, 0x01, 0x11, 0x11, 0x31, 0x13, 0x11, 0x21, 0x11, 0x13, 0x11, 0x11, 0x11, 
    0x11, 0x11, 0x11, 0x11, 0x11, 0x11, 0x10, 0x00, 0x01, 0x11, 0x11, 0x11, 0x11, 0x11, 0x11, 0x11, 
    0x11, 0x11, 0x01, 0x11, 0x31, 0x31, 0x11, 0x11, 0x11, 0x11, 0x13, 0x11, 0x11, 0x51, 0x11, 0x11, 
    0x11, 0x02, 0x22, 0x22, 0x22, 0x22, 0x22, 0x22, 0x22, 0x22, 0x22, 0x22, 0x22, 0x22, 0x23, 0x33, 
    0x33, 0x33, 0x33, 0x33, 0x33, 0x33, 0x33, 0x33, 0x22, 0x22, 0x22, 0x33, 0x33, 0x33, 0x33, 0x33, 
    0x33, 0x33, 0x33, 0x33, 0x33, 0x33, 0x33, 0x22, 0x22, 0x22, 0x22, 0x22, 0x22, 0x22, 0x22, 0x22, 
    0x22, 0x22, 0x22, 0x22, 0x22, 0x22, 0x22, 0x22, 0x22, 0x22, 0x22, 0x22, 0x22, 0x21, 0x11, 0x00, 
    0x00, 0x01, 0x01, 0x11, 0x11, 0x11, 0x11, 0x11, 0x11, 0x15, 0x00, 0x01, 0x11, 0x11, 0x11, 0x11, 
    0x11, 0x11, 0x13, 0x13, 0x11, 0x11, 0x11, 0x11, 0x11, 0x11, 0x11, 0x11, 0x11, 0x11, 0x11, 0x11, 
    0x11, 0x11, 0x11, 0x11, 0x11, 0x11, 0x11, 0x11, 0x11, 0x11, 0x11, 0x11, 0x11, 0x11, 0x13, 0x11, 
    0x31, 0x13, 0x11, 0x13, 0x11, 0x21, 0x11, 0x11, 0x10, 0x02, 0x22, 0x22, 0x22, 0x22, 0x22, 0x22, 
    0x22, 0x22, 0x22, 0x22, 0x22, 0x22, 0x23, 0x33, 0x33, 0x33, 0x33, 0x33, 0x33, 0x33, 0x33, 0x33, 
    0x32, 0x22, 0x22, 0x33, 0x33, 0x33, 0x33, 0x33, 0x33, 0x33, 0x33, 0x33, 0x33, 0x33, 0x33, 0x32, 
    0x22, 0x22, 0x22, 0x22, 0x22, 0x22, 0x22, 0x22, 0x22, 0x22, 0x22, 0x22, 0x22, 0x22, 0x22, 0x22, 
    0x22, 0x22, 0x22, 0x22, 0x22, 0x22, 0x00, 0x00, 0x21, 0x12, 0x01, 0x11, 0x11, 0x11, 0x12, 0x11, 
    0x15, 0x00, 0x01, 0x11, 0x11, 0x13, 0x11, 0x31, 0x13, 0x13, 0x11, 0x11, 0x11, 0x11, 0x11, 0x11, 
    0x11, 0x11, 0x11, 0x11, 0x11, 0x11, 0x11, 0x11, 0x11, 0x11, 0x11, 0x11, 0x11, 0x11, 0x11, 0x11, 
    0x11, 0x11, 0x11, 0x31, 0x11, 0x13, 0x11, 0x11, 0x11, 0x11, 0x11, 0x11, 0x15, 0x11, 0x11, 0x11, 
    0x10, 0x01, 0x22, 0x22, 0x22, 0x22, 0x22, 0x22, 0x22, 0x22, 0x22, 0x22, 0x22, 0x22, 0x33, 0x33, 
    0x33, 0x33, 0x33, 0x33, 0x33, 0x33, 0x33, 0x33, 0x32, 0x22, 0x22, 0x33, 0x33, 0x33, 0x33, 0x33, 
    0x33, 0x33, 0x33, 0x33, 0x33, 0x33, 0x33, 0x32, 0x22, 0x22, 0x22, 0x22, 0x22, 0x22, 0x22, 0x22, 
    0x22, 0x22, 0x22, 0x22, 0x22, 0x22, 0x22, 0x22, 0x22, 0x22, 0x22, 0x22, 0x21, 0x00, 0x00, 0x22, 
    0x22, 0x21, 0x00, 0x11, 0x11, 0x11, 0x11, 0x11, 0x00, 0x01, 0x11, 0x11, 0x13, 0x11, 0x11, 0x11, 
    0x11, 0x11, 0x11, 0x13, 0x11, 0x11, 0x11, 0x11, 0x11, 0x11, 0x11, 0x11, 0x11, 0x11, 0x11, 0x11, 
    0x11, 0x11, 0x11, 0x11, 0x11, 0x11, 0x11, 0x11, 0x11, 0x11, 0x11, 0x11, 0x51, 0x11, 0x11, 0x31, 
    0x51, 0x31, 0x11, 0x10, 0x11, 0x11, 0x11, 0x11, 0x00, 0x12, 0x22, 0x22, 0x22, 0x22, 0x22, 0x22, 
    0x22, 0x22, 0x22, 0x22, 0x22, 0x22, 0x33, 0x33, 0x33, 0x33, 0x33, 0x33, 0x33, 0x33, 0x33, 0x33, 
    0x33, 0x22, 0x33, 0x33, 0x33, 0x33, 0x33, 0x33, 0x33, 0x33, 0x33, 0x33, 0x33, 0x33, 0x33, 0x32, 
    0x22, 0x22, 0x22, 0x22, 0x22, 0x22, 0x22, 0x22, 0x22, 0x22, 0x22, 0x22, 0x22, 0x22, 0x22, 0x22, 
    0x22, 0x22, 0x22, 0x22, 0x22, 0x22, 0x12, 0x22, 0x22, 0x21, 0x00, 0x11, 0x11, 0x11, 0x11, 0x00, 
    0x00, 0x11, 0x11, 0x13, 0x11, 0x11, 0x31, 0x13, 0x11, 0x13, 0x15, 0x11, 0x11, 0x11, 0x11, 0x11, 
    0x11, 0x11, 0x11, 0x11, 0x11, 0x11, 0x11, 0x11, 0x11, 0x11, 0x11, 0x11, 0x11, 0x11, 0x11, 0x11, 
    0x11, 0x11, 0x11, 0x11, 0x12, 0x11, 0x11, 0x11, 0x11, 0x11, 0x13, 0x11, 0x11, 0x11, 0x11, 0x11, 
    0x00, 0x12, 0x22, 0x22, 0x22, 0x22, 0x22, 0x22, 0x22, 0x22, 0x22, 0x22, 0x22, 0x23, 0x33, 0x33, 
    0x33, 0x33, 0x33, 0x33, 0x33, 0x33, 0x33, 0x33, 0x33, 0x22, 0x33, 0x33, 0x33, 0x33, 0x33, 0x33, 
    0x33, 0x33, 0x33, 0x33, 0x33, 0x33, 0x33, 0x32, 0x22, 0x22, 0x22, 0x22, 0x22, 0x22, 0x22, 0x22, 
    0x22, 0x22, 0x22, 0x22, 0x22, 0x22, 0x22, 0x22, 0x22, 0x22, 0x22, 0x22, 0x22, 0x22, 0x22, 0x22, 
    0x22, 0x22, 0x50, 0x11, 0x11, 0x11, 0x50, 0x00, 0x11, 0x11, 0x13, 0x11, 0x11, 0x11, 0x11, 0x11, 
    0x13, 0x11, 0x11, 0x21, 0x15, 0x11, 0x11, 0x11, 0x11, 0x11, 0x11, 0x11, 0x11, 0x11, 0x11, 0x11, 
    0x11, 0x11, 0x11, 0x11, 0x11, 0x11, 0x11, 0x11, 0x11, 0x11, 0x11, 0x11, 0x11, 0x11, 0x31, 0x11, 
    0x21, 0x13, 0x11, 0x11, 0x11, 0x11, 0x11, 0x10, 0x01, 0x22, 0x22, 0x22, 0x22, 0x22, 0x22, 0x22, 
    0x22, 0x22, 0x22, 0x22, 0x22, 0x23, 0x33, 0x33, 0x33, 0x33, 0x33, 0x33, 0x33, 0x33, 0x33, 0x33, 
    0x33, 0x23, 0x33, 0x33, 0x33, 0x33, 0x33, 0x33, 0x33, 0x33, 0x33, 0x33, 0x33, 0x33, 0x33, 0x32, 
    0x22, 0x22, 0x22, 0x22, 0x22, 0x22, 0x22, 0x22, 0x22, 0x22, 0x22, 0x22, 0x22, 0x22, 0x22, 0x22, 
    0x22, 0x22, 0x22, 0x22, 0x22, 0x22, 0x22, 0x22, 0x22, 0x22, 0x10, 0x01, 0x11, 0x10, 0x00, 0x11, 
    0x11, 0x13, 0x11, 0x11, 0x31, 0x31, 0x13, 0x11, 0x11, 0x11, 0x31, 0x15, 0x12, 0x11, 0x11, 0x11, 
    0x11, 0x11, 0x11, 0x11, 0x11, 0x11, 0x11, 0x11, 0x11, 0x11, 0x11, 0x11, 0x11, 0x11, 0x11, 0x11, 
    0x11, 0x11, 0x11, 0x11, 0x11, 0x11, 0x11, 0x15, 0x11, 0x11, 0x11, 0x11, 0x11, 0x11, 0x11, 0x10, 
    0x01, 0x22, 0x22, 0x22, 0x22, 0x22, 0x22, 0x22, 0x22, 0x22, 0x22, 0x22, 0x22, 0x23, 0x33, 0x33, 
    0x33, 0x33, 0x33, 0x33, 0x33, 0x33, 0x33, 0x33, 0x33, 0x33, 0x33, 0x33, 0x33, 0x33, 0x33, 0x33, 
    0x33, 0x33, 0x33, 0x33, 0x33, 0x33, 0x33, 0x32, 0x22, 0x22, 0x22, 0x22, 0x22, 0x22, 0x22, 0x22, 
    0x22, 0x22, 0x22, 0x22, 0x22, 0x22, 0x22, 0x22, 0x22, 0x22, 0x22, 0x22, 0x22, 0x22, 0x22, 0x22, 
    0x22, 0x22, 0x10, 0x01, 0x10, 0x00, 0x01, 0x11, 0x11, 0x11, 0x11, 0x31, 0x11, 0x11, 0x11, 0x13, 
    0x15, 0x11, 0x11, 0x31, 0x11, 0x11, 0x11, 0x11, 0x11, 0x11, 0x11, 0x11, 0x11, 0x11, 0x11, 0x11, 
    0x11, 0x11, 0x11, 0x11, 0x11, 0x11, 0x11, 0x11, 0x11, 0x11, 0x11, 0x11, 0x11, 0x11, 0x11, 0x11, 
    0x11, 0x11, 0x11, 0x11, 0x11, 0x11, 0x11, 0x00, 0x12, 0x22, 0x22, 0x22, 0x22, 0x22, 0x22, 0x22, 
    0x22, 0x22, 0x22, 0x22, 0x22, 0x23, 0x33, 0x33, 0x33, 0x33, 0x33, 0x33, 0x33, 0x33, 0x33, 0x33, 
    0x33, 0x33, 0x33, 0x33, 0x33, 0x33, 0x33, 0x33, 0x33, 0x33, 0x33, 0x33, 0x33, 0x33, 0x33, 0x22, 
    0x22, 0x22, 0x22, 0x22, 0x22, 0x22, 0x22, 0x22, 0x22, 0x22, 0x22, 0x22, 0x22, 0x22, 0x22, 0x22, 
    0x22, 0x22, 0x22, 0x22, 0x22, 0x22, 0x22, 0x22, 0x22, 0x22, 0x21, 0x01, 0x00, 0x01, 0x11, 0x11, 
    0x11, 0x31, 0x11, 0x11, 0x11, 0x13, 0x11, 0x11, 0x11, 0x21, 0x31, 0x11, 0x11, 0x11, 0x11, 0x11, 
    0x11, 0x11, 0x11, 0x11, 0x11, 0x11, 0x11, 0x11, 0x11, 0x11, 0x11, 0x11, 0x11, 0x11, 0x11, 0x11, 
    0x11, 0x11, 0x11, 0x11, 0x11, 0x11, 0x11, 0x11, 0x11, 0x11, 0x11, 0x11, 0x11, 0x11, 0x10, 0x01, 
    0x22, 0x22, 0x22, 0x22, 0x22, 0x22, 0x22, 0x22, 0x22, 0x22, 0x22, 0x22, 0x22, 0x23, 0x33, 0x33, 
    0x33, 0x33, 0x33, 0x33, 0x33, 0x33, 0x33, 0x33, 0x33, 0x33, 0x33, 0x33, 0x33, 0x33, 0x33, 0x33, 
    0x33, 0x33, 0x33, 0x33, 0x33, 0x33, 0x33, 0x22, 0x22, 0x22, 0x22, 0x22, 0x22, 0x22, 0x22, 0x22, 
    0x22, 0x22, 0x22, 0x22, 0x22, 0x22, 0x22, 0x22, 0x22, 0x22, 0x22, 0x22, 0x22, 0x22, 0x22, 0x22, 
    0x22, 0x22, 0x21, 0x00, 0x00, 0x11, 0x11, 0x12, 0x11, 0x11, 0x31, 0x13, 0x13, 0x11, 0x13, 0x11, 
    0x31, 0x11, 0x11, 0x11, 0x11, 0x11, 0x11, 0x11, 0x11, 0x11, 0x11, 0x11, 0x11, 0x11, 0x11, 0x11, 
    0x11, 0x11, 0x11, 0x11, 0x11, 0x11, 0x11, 0x11, 0x11, 0x11, 0x11, 0x11, 0x11, 0x11, 0x11, 0x11, 
    0x11, 0x11, 0x11, 0x11, 0x11, 0x11, 0x00, 0x01, 0x22, 0x22, 0x22, 0x22, 0x22, 0x22, 0x22, 0x22, 
    0x22, 0x22, 0x22, 0x22, 0x22, 0x23, 0x33, 0x33, 0x33, 0x33, 0x33, 0x33, 0x33, 0x33, 0x33, 0x33, 
    0x33, 0x33, 0x33, 0x33, 0x33, 0x33, 0x33, 0x33, 0x33, 0x33, 0x33, 0x33, 0x33, 0x33, 0x32, 0x22, 
    0x22, 0x22, 0x22, 0x22, 0x22, 0x22, 0x22, 0x22, 0x22, 0x22, 0x22, 0x22, 0x22, 0x22, 0x22, 0x22, 
    0x22, 0x22, 0x22, 0x22, 0x22, 0x22, 0x22, 0x22, 0x22, 0x22, 0x10, 0x00, 0x11, 0x11, 0x11, 0x11, 
    0x11, 0x13, 0x11, 0x11, 0x11, 0x11, 0x11, 0x51, 0x11, 0x31, 0x13, 0x11, 0x11, 0x11, 0x11, 0x11, 
    0x11, 0x11, 0x11, 0x11, 0x11, 0x11, 0x11, 0x11, 0x11, 0x11, 0x11, 0x11, 0x11, 0x11, 0x11, 0x11, 
    0x11, 0x11, 0x11, 0x11, 0x11, 0x11, 0x11, 0x11, 0x11, 0x11, 0x11, 0x11, 0x11, 0x11, 0x00, 0x12, 
    0x22, 0x22, 0x22, 0x22, 0x22, 0x22, 0x22, 0x22, 0x22, 0x22, 0x22, 0x22, 0x22, 0x23, 0x33, 0x33, 
    0x33, 0x33, 0x33, 0x33, 0x33, 0x33, 0x33, 0x33, 0x33, 0x33, 0x33, 0x33, 0x33, 0x33, 0x33, 0x33, 
    0x33, 0x33, 0x33, 0x33, 0x33, 0x33, 0x32, 0x22, 0x22, 0x22, 0x22, 0x22, 0x22, 0x22, 0x22, 0x22, 
    0x22, 0x22, 0x22, 0x22, 0x22, 0x22, 0x22, 0x22, 0x22, 0x22, 0x22, 0x22, 0x22, 0x22, 0x22, 0x22, 
    0x22, 0x12, 0x00, 0x10, 0x01, 0x11, 0x11, 0x11, 0x13, 0x11, 0x11, 0x31, 0x11, 0x31, 0x51, 0x21, 
    0x11, 0x11, 0x11, 0x15, 0x11, 0x11, 0x11, 0x11, 0x11, 0x11, 0x11, 0x11, 0x11, 0x11, 0x11, 0x11, 
    0x11, 0x11, 0x11, 0x11, 0x11, 0x11, 0x11, 0x11, 0x11, 0x11, 0x11, 0x11, 0x11, 0x11, 0x11, 0x11, 
    0x11, 0x11, 0x11, 0x11, 0x11, 0x10, 0x02, 0x22, 0x22, 0x22, 0x22, 0x22, 0x22, 0x22, 0x22, 0x22, 
    0x22, 0x22, 0x22, 0x22, 0x22, 0x22, 0x33, 0x33, 0x33, 0x33, 0x33, 0x33, 0x33, 0x33, 0x33, 0x33, 
    0x33, 0x33, 0x33, 0x33, 0x33, 0x33, 0x33, 0x33, 0x33, 0x33, 0x33, 0x33, 0x33, 0x33, 0x22, 0x22, 
    0x22, 0x22, 0x22, 0x22, 0x22, 0x22, 0x22, 0x22, 0x22, 0x22, 0x22, 0x22, 0x22, 0x22, 0x22, 0x22, 
    0x22, 0x22, 0x22, 0x22, 0x22, 0x22, 0x22, 0x22, 0x21, 0x30, 0x01, 0x21, 0x00, 0x11, 0x11, 0x11, 
    0x11, 0x11, 0x11, 0x11, 0x31, 0x11, 0x11, 0x11, 0x31, 0x31, 0x11, 0x11, 0x11, 0x11, 0x11, 0x11, 
    0x11, 0x11, 0x11, 0x11, 0x11, 0x11, 0x11, 0x11, 0x11, 0x11, 0x11, 0x11, 0x11, 0x11, 0x11, 0x11, 
    0x11, 0x11, 0x11, 0x11, 0x11, 0x11, 0x11, 0x11, 0x11, 0x11, 0x11, 0x11, 0x11, 0x00, 0x12, 0x22, 
    0x22, 0x22, 0x22, 0x22, 0x22, 0x22, 0x22, 0x22, 0x22, 0x22, 0x22, 0x22, 0x22, 0x22, 0x33, 0x33, 
    0x33, 0x33, 0x33, 0x33, 0x33, 0x33, 0x33, 0x33, 0x33, 0x33, 0x33, 0x33, 0x33, 0x33, 0x33, 0x33, 
    0x33, 0x33, 0x33, 0x33, 0x33, 0x33, 0x22, 0x22, 0x22, 0x22, 0x22, 0x22, 0x22, 0x22, 0x22, 0x22, 
    0x22, 0x22, 0x22, 0x22, 0x22, 0x22, 0x22, 0x22, 0x22, 0x22, 0x22, 0x22, 0x22, 0x22, 0x22, 0x22, 
    0x10, 0x00, 0x22, 0x21, 0x00, 0x11, 0x11, 0x11, 0x11, 0x11, 0x13, 0x11, 0x11, 0x11, 0x31, 0x31, 
    0x11, 0x11, 0x51, 0x11, 0x11, 0x11, 0x11, 0x11, 0x11, 0x11, 0x11, 0x11, 0x11, 0x11, 0x11, 0x11, 
    0x11, 0x11, 0x11, 0x11, 0x11, 0x11, 0x11, 0x11, 0x11, 0x11, 0x11, 0x11, 0x11, 0x11, 0x11, 0x11, 
    0x11, 0x11, 0x11, 0x11, 0x10, 0x02, 0x12, 0x22, 0x22, 0x22, 0x22, 0x22, 0x22, 0x22, 0x22, 0x22, 
    0x22, 0x22, 0x22, 0x22, 0x22, 0x22, 0x33, 0x33, 0x33, 0x33, 0x33, 0x33, 0x33, 0x33, 0x33, 0x33, 
    0x33, 0x33, 0x33, 0x33, 0x33, 0x33, 0x33, 0x33, 0x33, 0x33, 0x33, 0x33, 0x33, 0x32, 0x22, 0x22, 
    0x22, 0x22, 0x22, 0x22, 0x22, 0x22, 0x22, 0x22, 0x22, 0x22, 0x22, 0x22, 0x22, 0x22, 0x22, 0x22, 
    0x22, 0x22, 0x22, 0x22, 0x22, 0x22, 0x22, 0x12, 0x00, 0x01, 0x22, 0x22, 0x10, 0x01, 0x11, 0x11, 
    0x11, 0x11, 0x01, 0x11, 0x13, 0x11, 0x11, 0x11, 0x11, 0x11, 0x21, 0x11, 0x11, 0x11, 0x11, 0x11, 
    0x11, 0x11, 0x11, 0x11, 0x11, 0x11, 0x11, 0x11, 0x11, 0x11, 0x11, 0x11, 0x11, 0x11, 0x11, 0x11, 
    0x11, 0x11, 0x11, 0x11, 0x11, 0x11, 0x11, 0x11, 0x11, 0x11, 0x11, 0x11, 0x00, 0x12, 0x22, 0x22, 
    0x22, 0x22, 0x22, 0x22, 0x22, 0x22, 0x22, 0x22, 0x22, 0x22, 0x22, 0x22, 0x22, 0x22, 0x22, 0x33, 
    0x33, 0x33, 0x33, 0x33, 0x33, 0x33, 0x33, 0x33, 0x33, 0x33, 0x33, 0x33, 0x33, 0x33, 0x33, 0x33, 
    0x33, 0x33, 0x33, 0x33, 0x33, 0x32, 0x22, 0x22, 0x22, 0x22, 0x22, 0x22, 0x22, 0x22, 0x22, 0x22, 
    0x22, 0x22, 0x22, 0x22, 0x22, 0x22, 0x22, 0x22, 0x22, 0x22, 0x22, 0x22, 0x22, 0x22, 0x22, 0x22, 
    0x21, 0x22, 0x22, 0x22, 0x10, 0x01, 0x11, 0x11, 0x11, 0x11, 0x11, 0x11, 0x11, 0x13, 0x11, 0x11, 
    0x31, 0x11, 0x11, 0x11, 0x11, 0x11, 0x11, 0x11, 0x11, 0x11, 0x11, 0x11, 0x11, 0x11, 0x11, 0x11, 
    0x11, 0x11, 0x11, 0x11, 0x11, 0x11, 0x11, 0x11, 0x11, 0x11, 0x11, 0x11, 0x11, 0x11, 0x11, 0x11, 
    0x11, 0x11, 0x11, 0x00, 0x01, 0x22, 0x22, 0x22, 0x22, 0x22, 0x22, 0x22, 0x22, 0x22, 0x22, 0x22, 
    0x22, 0x22, 0x22, 0x22, 0x22, 0x22, 0x22, 0x33, 0x33, 0x33, 0x33, 0x33, 0x33, 0x33, 0x33, 0x33, 
    0x33, 0x33, 0x33, 0x33, 0x33, 0x33, 0x33, 0x33, 0x33, 0x33, 0x33, 0x33, 0x33, 0x22, 0x22, 0x22, 
    0x22, 0x22, 0x22, 0x22, 0x22, 0x22, 0x22, 0x22, 0x22, 0x22, 0x22, 0x22, 0x22, 0x22, 0x22, 0x22, 
    0x22, 0x22, 0x22, 0x22, 0x22, 0x22, 0x22, 0x22, 0x22, 0x22, 0x22, 0x22, 0x21, 0x00, 0x11, 0x11, 
    0x11, 0x11, 0x11, 0x11, 0x51, 0x11, 0x11, 0x31, 0x11, 0x11, 0x11, 0x11, 0x11, 0x11, 0x11, 0x11, 
    0x11, 0x11, 0x11, 0x11, 0x11, 0x11, 0x11, 0x11, 0x11, 0x11, 0x11, 0x11, 0x11, 0x11, 0x11, 0x11, 
    0x11, 0x11, 0x11, 0x11, 0x11, 0x11, 0x11, 0x11, 0x11, 0x11, 0x10, 0x00, 0x12, 0x22, 0x22, 0x22, 
    0x22, 0x22, 0x22, 0x22, 0x22, 0x22, 0x22, 0x22, 0x22, 0x22, 0x22, 0x22, 0x22, 0x22, 0x22, 0x33, 
    0x33, 0x33, 0x33, 0x33, 0x33, 0x33, 0x33, 0x33, 0x33, 0x33, 0x33, 0x33, 0x33, 0x33, 0x33, 0x33, 
    0x33, 0x33, 0x33, 0x33, 0x33, 0x22, 0x22, 0x22, 0x22, 0x22, 0x22, 0x22, 0x22, 0x22, 0x22, 0x22, 
    0x22, 0x22, 0x22, 0x22, 0x22, 0x22, 0x22, 0x22, 0x22, 0x22, 0x22, 0x22, 0x22, 0x22, 0x22, 0x22, 
    0x22, 0x22, 0x22, 0x22, 0x22, 0x10, 0x01, 0x11, 0x11, 0x11, 0x11, 0x11, 0x11, 0x11, 0x11, 0x11, 
    0x11, 0x11, 0x11, 0x11, 0x11, 0x11, 0x11, 0x11, 0x11, 0x11, 0x11, 0x11, 0x11, 0x11, 0x11, 0x11, 
    0x11, 0x11, 0x11, 0x11, 0x11, 0x11, 0x11, 0x11, 0x11, 0x11, 0x11, 0x11, 0x11, 0x11, 0x11, 0x11, 
    0x11, 0x11, 0x00, 0x01, 0x22, 0x22, 0x22, 0x22, 0x22, 0x22, 0x22, 0x22, 0x22, 0x22, 0x22, 0x22, 
    0x22, 0x22, 0x22, 0x22, 0x22, 0x22, 0x22, 0x23, 0x33, 0x33, 0x33, 0x33, 0x33, 0x33, 0x33, 0x33, 
    0x33, 0x33, 0x33, 0x33, 0x33, 0x33, 0x33, 0x33, 0x33, 0x33, 0x33, 0x33, 0x32, 0x22, 0x22, 0x22, 
    0x22, 0x22, 0x22, 0x22, 0x22, 0x22, 0x22, 0x22, 0x22, 0x22, 0x22, 0x22, 0x22, 0x22, 0x22, 0x22, 
    0x22, 0x22, 0x22, 0x22, 0x22, 0x22, 0x22, 0x22, 0x22, 0x22, 0x22, 0x22, 0x22, 0x11, 0x00, 0x11, 
    0x11, 0x11, 0x11, 0x11, 0x11, 0x11, 0x11, 0x11, 0x11, 0x11, 0x11, 0x11, 0x11, 0x11, 0x11, 0x11, 
    0x11, 0x11, 0x11, 0x11, 0x11, 0x11, 0x11, 0x11, 0x11, 0x11, 0x11, 0x11, 0x11, 0x11, 0x11, 0x11, 
    0x11, 0x11, 0x11, 0x11, 0x11, 0x11, 0x11, 0x11, 0x11, 0x00, 0x01, 0x12, 0x22, 0x22, 0x22, 0x22, 
    0x22, 0x22, 0x22, 0x22, 0x22, 0x22, 0x22, 0x22, 0x22, 0x22, 0x22, 0x22, 0x22, 0x22, 0x22, 0x22, 
    0x33, 0x33, 0x33, 0x33, 0x33, 0x33, 0x33, 0x33, 0x33, 0x33, 0x33, 0x33, 0x33, 0x33, 0x33, 0x33, 
    0x33, 0x33, 0x33, 0x33, 0x22, 0x22, 0x22, 0x22, 0x22, 0x22, 0x22, 0x22, 0x22, 0x22, 0x22, 0x22, 
    0x22, 0x22, 0x22, 0x22, 0x22, 0x22, 0x22, 0x22, 0x22, 0x22, 0x22, 0x22, 0x22, 0x22, 0x22, 0x22, 
    0x22, 0x22, 0x22, 0x22, 0x22, 0x22, 0x10, 0x01, 0x11, 0x11, 0x11, 0x11, 0x11, 0x11, 0x11, 0x11, 
    0x11, 0x11, 0x11, 0x11, 0x11, 0x11, 0x11, 0x11, 0x11, 0x11, 0x11, 0x11, 0x11, 0x11, 0x11, 0x11, 
    0x11, 0x11, 0x11, 0x11, 0x11, 0x11, 0x11, 0x11, 0x11, 0x11, 0x11, 0x11, 0x11, 0x11, 0x11, 0x11, 
    0x10, 0x00, 0x12, 0x22, 0x22, 0x22, 0x22, 0x22, 0x22, 0x22, 0x22, 0x22, 0x22, 0x22, 0x22, 0x22, 
    0x22, 0x22, 0x22, 0x22, 0x22, 0x22, 0x22, 0x22, 0x22, 0x33, 0x33, 0x33, 0x33, 0x33, 0x33, 0x33, 
    0x33, 0x33, 0x33, 0x33, 0x33, 0x33, 0x33, 0x33, 0x33, 0x33, 0x33, 0x32, 0x22, 0x22, 0x22, 0x22, 
    0x22, 0x22, 0x22, 0x22, 0x22, 0x22, 0x22, 0x22, 0x22, 0x22, 0x22, 0x22, 0x22, 0x22, 0x22, 0x22, 
    0x22, 0x22, 0x22, 0x22, 0x22, 0x22, 0x22, 0x22, 0x22, 0x22, 0x22, 0x22, 0x22, 0x22, 0x10, 0x00, 
    0x11, 0x11, 0x11, 0x11, 0x11, 0x11, 0x11, 0x11, 0x11, 0x11, 0x11, 0x11, 0x11, 0x11, 0x11, 0x11, 
    0x11, 0x11, 0x11, 0x11, 0x11, 0x11, 0x11, 0x11, 0x11, 0x11, 0x11, 0x11, 0x11, 0x11, 0x11, 0x11, 
    0x11, 0x11, 0x11, 0x11, 0x11, 0x11, 0x11, 0x10, 0x00, 0x01, 0x22, 0x22, 0x22, 0x22, 0x22, 0x22, 
    0x22, 0x22, 0x22, 0x22, 0x22, 0x22, 0x22, 0x22, 0x22, 0x22, 0x22, 0x22, 0x22, 0x22, 0x22, 0x22, 
    0x22, 0x23, 0x33, 0x33, 0x33, 0x33, 0x33, 0x33, 0x33, 0x33, 0x33, 0x33, 0x33, 0x33, 0x33, 0x33, 
    0x33, 0x33, 0x33, 0x22, 0x22, 0x22, 0x22, 0x22, 0x22, 0x22, 0x22, 0x22, 0x22, 0x22, 0x22, 0x22, 
    0x22, 0x22, 0x22, 0x22, 0x22, 0x22, 0x22, 0x22, 0x22, 0x22, 0x22, 0x22, 0x22, 0x22, 0x22, 0x22, 
    0x22, 0x22, 0x22, 0x22, 0x22, 0x22, 0x21, 0x10, 0x01, 0x11, 0x11, 0x11, 0x11, 0x11, 0x11, 0x11, 
    0x11, 0x11, 0x11, 0x11, 0x11, 0x11, 0x11, 0x11, 0x11, 0x11, 0x11, 0x11, 0x11, 0x11, 0x11, 0x11, 
    0x11, 0x11, 0x11, 0x11, 0x11, 0x11, 0x11, 0x11, 0x11, 0x11, 0x11, 0x11, 0x11, 0x11, 0x11, 0x00, 
    0x01, 0x12, 0x22, 0x22, 0x22, 0x22, 0x22, 0x22, 0x22, 0x22, 0x22, 0x22, 0x22, 0x22, 0x22, 0x22, 
    0x22, 0x22, 0x22, 0x22, 0x22, 0x22, 0x22, 0x22, 0x22, 0x22, 0x33, 0x33, 0x33, 0x33, 0x33, 0x33, 
    0x33, 0x33, 0x33, 0x33, 0x33, 0x33, 0x33, 0x33, 0x33, 0x33, 0x32, 0x22, 0x22, 0x22, 0x22, 0x22, 
    0x22, 0x22, 0x22, 0x22, 0x22, 0x22, 0x22, 0x22, 0x22, 0x22, 0x22, 0x22, 0x22, 0x22, 0x22, 0x22, 
    0x22, 0x22, 0x22, 0x22, 0x22, 0x22, 0x22, 0x22, 0x22, 0x22, 0x22, 0x22, 0x22, 0x22, 0x22, 0x11, 
    0x00, 0x01, 0x11, 0x11, 0x11, 0x11, 0x11, 0x11, 0x11, 0x11, 0x11, 0x11, 0x11, 0x11, 0x11, 0x11, 
    0x11, 0x11, 0x11, 0x11, 0x11, 0x11, 0x11, 0x11, 0x11, 0x11, 0x11, 0x11, 0x11, 0x11, 0x11, 0x11, 
    0x11, 0x11, 0x11, 0x11, 0x11, 0x11, 0x00, 0x01, 0x22, 0x22, 0x22, 0x22, 0x22, 0x22, 0x22, 0x22, 
    0x22, 0x22, 0x22, 0x22, 0x22, 0x22, 0x22, 0x22, 0x22, 0x22, 0x22, 0x22, 0x22, 0x22, 0x22, 0x22, 
    0x22, 0x22, 0x22, 0x33, 0x33, 0x33, 0x33, 0x33, 0x33, 0x33, 0x33, 0x33, 0x33, 0x33, 0x33, 0x33, 
    0x33, 0x33, 0x22, 0x22, 0x22, 0x22, 0x22, 0x22, 0x22, 0x22, 0x22, 0x22, 0x22, 0x22, 0x22, 0x22, 
    0x22, 0x22, 0x22, 0x22, 0x22, 0x22, 0x22, 0x22, 0x22, 0x22, 0x22, 0x22, 0x22, 0x22, 0x22, 0x22, 
    0x22, 0x22, 0x22, 0x22, 0x22, 0x22, 0x22, 0x22, 0x10, 0x00, 0x11, 0x11, 0x11, 0x11, 0x11, 0x11, 
    0x11, 0x11, 0x11, 0x11, 0x11, 0x11, 0x11, 0x11, 0x11, 0x11, 0x11, 0x11, 0x11, 0x11, 0x11, 0x11, 
    0x11, 0x11, 0x11, 0x11, 0x11, 0x11, 0x11, 0x11, 0x11, 0x11, 0x11, 0x11, 0x15, 0x00, 0x05, 0x21, 
    0x22, 0x22, 0x22, 0x22, 0x22, 0x22, 0x22, 0x22, 0x22, 0x22, 0x22, 0x22, 0x22, 0x22, 0x22, 0x22, 
    0x22, 0x22, 0x22, 0x22, 0x22, 0x22, 0x22, 0x22, 0x22, 0x22, 0x22, 0x23, 0x33, 0x33, 0x33, 0x33, 
    0x33, 0x33, 0x33, 0x33, 0x33, 0x33, 0x33, 0x33, 0x33, 0x32, 0x22, 0x22, 0x22, 0x22, 0x22, 0x22, 
    0x22, 0x22, 0x22, 0x22, 0x22, 0x22, 0x22, 0x22, 0x22, 0x22, 0x22, 0x22, 0x22, 0x22, 0x22, 0x22, 
    0x22, 0x22, 0x22, 0x22, 0x22, 0x22, 0x22, 0x22, 0x22, 0x22, 0x22, 0x22, 0x22, 0x22, 0x22, 0x22, 
    0x21, 0x00, 0x00, 0x11, 0x11, 0x11, 0x11, 0x11, 0x11, 0x11, 0x11, 0x11, 0x11, 0x11, 0x11, 0x11, 
    0x11, 0x11, 0x11, 0x11, 0x11, 0x11, 0x11, 0x11, 0x11, 0x11, 0x11, 0x11, 0x11, 0x11, 0x11, 0x11, 
    0x11, 0x11, 0x11, 0x10, 0x00, 0x01, 0x22, 0x22, 0x22, 0x22, 0x22, 0x22, 0x22, 0x22, 0x22, 0x22, 
    0x22, 0x22, 0x22, 0x22, 0x22, 0x22, 0x22, 0x22, 0x22, 0x22, 0x22, 0x22, 0x22, 0x22, 0x22, 0x22, 
    0x22, 0x22, 0x22, 0x22, 0x23, 0x33, 0x33, 0x33, 0x33, 0x33, 0x33, 0x33, 0x33, 0x33, 0x33, 0x33, 
    0x33, 0x22, 0x22, 0x22, 0x22, 0x22, 0x22, 0x22, 0x22, 0x22, 0x22, 0x21, 0x22, 0x22, 0x22, 0x22, 
    0x22, 0x22, 0x22, 0x22, 0x22, 0x22, 0x22, 0x22, 0x22, 0x22, 0x22, 0x22, 0x22, 0x22, 0x22, 0x22, 
    0x22, 0x22, 0x22, 0x22, 0x22, 0x22, 0x22, 0x22, 0x22, 0x11, 0x00, 0x01, 0x11, 0x11, 0x11, 0x11, 
    0x11, 0x11, 0x11, 0x11, 0x11, 0x11, 0x11, 0x11, 0x11, 0x11, 0x11, 0x11, 0x11, 0x11, 0x11, 0x11, 
    0x11, 0x11, 0x11, 0x11, 0x11, 0x11, 0x11, 0x11, 0x11, 0x11, 0x50, 0x00, 0x02, 0x21, 0x22, 0x22, 
    0x22, 0x22, 0x22, 0x22, 0x22, 0x22, 0x22, 0x22, 0x22, 0x22, 0x22, 0x22, 0x22, 0x22, 0x22, 0x22, 
    0x22, 0x22, 0x22, 0x22, 0x22, 0x22, 0x22, 0x22, 0x22, 0x22, 0x22, 0x22, 0x22, 0x33, 0x33, 0x33, 
    0x33, 0x33, 0x33, 0x33, 0x33, 0x33, 0x33, 0x33, 0x32, 0x22, 0x22, 0x22, 0x22, 0x22, 0x22, 0x22, 
    0x22, 0x33, 0x23, 0x32, 0x22, 0x22, 0x22, 0x22, 0x22, 0x22, 0x22, 0x22, 0x22, 0x22, 0x22, 0x22, 
    0x22, 0x22, 0x22, 0x22, 0x22, 0x22, 0x22, 0x22, 0x22, 0x22, 0x22, 0x22, 0x22, 0x22, 0x22, 0x22, 
    0x22, 0x22, 0x11, 0x00, 0x01, 0x11, 0x11, 0x11, 0x11, 0x11, 0x11, 0x11, 0x11, 0x11, 0x11, 0x11, 
    0x11, 0x11, 0x11, 0x11, 0x11, 0x11, 0x11, 0x11, 0x11, 0x11, 0x11, 0x11, 0x11, 0x11, 0x11, 0x11, 
    0x11, 0x00, 0x00, 0x01, 0x12, 0x22, 0x22, 0x22, 0x22, 0x22, 0x22, 0x22, 0x22, 0x22, 0x22, 0x22, 
    0x22, 0x22, 0x22, 0x22, 0x22, 0x22, 0x22, 0x22, 0x22, 0x22, 0x22, 0x22, 0x22, 0x22, 0x22, 0x22, 
    0x22, 0x22, 0x22, 0x22, 0x22, 0x23, 0x33, 0x33, 0x33, 0x33, 0x33, 0x33, 0x33, 0x33, 0x33, 0x33, 
    0x22, 0x22, 0x22, 0x22, 0x22, 0x22, 0x22, 0x22, 0x23, 0x33, 0x33, 0x33, 0x22, 0x22, 0x22, 0x22, 
    0x22, 0x22, 0x22, 0x22, 0x22, 0x22, 0x22, 0x22, 0x22, 0x22, 0x22, 0x22, 0x22, 0x22, 0x22, 0x22, 
    0x22, 0x22, 0x22, 0x22, 0x22, 0x22, 0x22, 0x22, 0x22, 0x22, 0x22, 0x11, 0x00, 0x00, 0x11, 0x11, 
    0x11, 0x11, 0x11, 0x11, 0x11, 0x11, 0x11, 0x11, 0x11, 0x11, 0x11, 0x11, 0x11, 0x11, 0x11, 0x11, 
    0x11, 0x11, 0x11, 0x11, 0x11, 0x11, 0x11, 0x11, 0x11, 0x00, 0x10, 0x01, 0x22, 0x22, 0x22, 0x22, 
    0x22, 0x22, 0x22, 0x22, 0x22, 0x22, 0x22, 0x22, 0x22, 0x22, 0x22, 0x22, 0x22, 0x22, 0x22, 0x22, 
    0x22, 0x22, 0x22, 0x22, 0x22, 0x22, 0x22, 0x22, 0x22, 0x22, 0x22, 0x22, 0x22, 0x22, 0x33, 0x33, 
    0x33, 0x33, 0x33, 0x33, 0x33, 0x33, 0x33, 0x32, 0x22, 0x22, 0x22, 0x22, 0x22, 0x22, 0x22, 0x22, 
    0x23, 0x33, 0x33, 0x33, 0x22, 0x22, 0x22, 0x22, 0x22, 0x22, 0x22, 0x22, 0x22, 0x22, 0x22, 0x22, 
    0x22, 0x22, 0x22, 0x22, 0x22, 0x22, 0x22, 0x22, 0x22, 0x22, 0x22, 0x22, 0x22, 0x22, 0x22, 0x22, 
    0x22, 0x22, 0x22, 0x21, 0x12, 0x00, 0x00, 0x51, 0x11, 0x11, 0x11, 0x11, 0x11, 0x11, 0x11, 0x11, 
    0x11, 0x11, 0x11, 0x11, 0x11, 0x11, 0x11, 0x11, 0x11, 0x11, 0x11, 0x11, 0x11, 0x11, 0x11, 0x11, 
    0x11, 0x11, 0x11, 0x00, 0x12, 0x22, 0x22, 0x22, 0x22, 0x22, 0x22, 0x22, 0x22, 0x22, 0x22, 0x22, 
    0x22, 0x22, 0x22, 0x22, 0x22, 0x22, 0x22, 0x22, 0x22, 0x22, 0x22, 0x22, 0x22, 0x22, 0x22, 0x22, 
    0x22, 0x22, 0x22, 0x22, 0x22, 0x22, 0x23, 0x33, 0x33, 0x33, 0x33, 0x33, 0x33, 0x33, 0x33, 0x22, 
    0x22, 0x22, 0x22, 0x22, 0x22, 0x22, 0x22, 0x22, 0x23, 0x33, 0x33, 0x33, 0x22, 0x22, 0x12, 0x22, 
    0x22, 0x22, 0x22, 0x22, 0x22, 0x22, 0x22, 0x22, 0x22, 0x22, 0x22, 0x22, 0x22, 0x22, 0x22, 0x22, 
    0x22, 0x22, 0x22, 0x22, 0x22, 0x22, 0x22, 0x22, 0x22, 0x22, 0x22, 0x22, 0x22, 0x11, 0x00, 0x00, 
    0x00, 0x11, 0x11, 0x11, 0x11, 0x11, 0x11, 0x11, 0x11, 0x11, 0x11, 0x11, 0x11, 0x11, 0x11, 0x11, 
    0x11, 0x11, 0x11, 0x11, 0x11, 0x11, 0x11, 0x11, 0x11, 0x11, 0x11, 0x10, 0x01, 0x22, 0x22, 0x22, 
    0x22, 0x22, 0x22, 0x22, 0x22, 0x22, 0x22, 0x22, 0x22, 0x22, 0x22, 0x22, 0x22, 0x22, 0x22, 0x22, 
    0x22, 0x22, 0x22, 0x22, 0x22, 0x22, 0x22, 0x22, 0x22, 0x22, 0x22, 0x22, 0x22, 0x22, 0x23, 0x33, 
    0x33, 0x33, 0x33, 0x33, 0x33, 0x33, 0x32, 0x22, 0x22, 0x22, 0x22, 0x22, 0x22, 0x22, 0x22, 0x22, 
    0x22, 0x33, 0x33, 0x32, 0x22, 0x22, 0x22, 0x22, 0x22, 0x22, 0x22, 0x22, 0x22, 0x22, 0x22, 0x22, 
    0x22, 0x22, 0x22, 0x22, 0x22, 0x22, 0x22, 0x22, 0x22, 0x22, 0x22, 0x22, 0x22, 0x22, 0x22, 0x22, 
    0x22, 0x22, 0x22, 0x22, 0x22, 0x22, 0x11, 0x10, 0x00, 0x00, 0x00, 0x05, 0x11, 0x11, 0x11, 0x11, 
    0x11, 0x11, 0x11, 0x11, 0x11, 0x11, 0x11, 0x11, 0x11, 0x11, 0x11, 0x11, 0x11, 0x11, 0x11, 0x11, 
    0x11, 0x11, 0x11, 0x10, 0x02, 0x22, 0x22, 0x22, 0x22, 0x22, 0x22, 0x22, 0x22, 0x22, 0x22, 0x22, 
    0x22, 0x22, 0x22, 0x22, 0x22, 0x22, 0x22, 0x22, 0x22, 0x22, 0x22, 0x22, 0x22, 0x22, 0x22, 0x22, 
    0x22, 0x22, 0x22, 0x22, 0x22, 0x22, 0x22, 0x33, 0x33, 0x33, 0x33, 0x33, 0x33, 0x32, 0x22, 0x22, 
    0x22, 0x22, 0x22, 0x22, 0x22, 0x22, 0x22, 0x22, 0x22, 0x23, 0x33, 0x22, 0x22, 0x22, 0x22, 0x22, 
    0x22, 0x22, 0x22, 0x22, 0x22, 0x22, 0x22, 0x22, 0x22, 0x22, 0x22, 0x22, 0x22, 0x22, 0x22, 0x22, 
    0x22, 0x22, 0x22, 0x22, 0x22, 0x22, 0x22, 0x22, 0x22, 0x22, 0x22, 0x22, 0x22, 0x22, 0x22, 0x21, 
    0x11, 0x10, 0x00, 0x00, 0x00, 0x00, 0x00, 0x00, 0x01, 0x11, 0x11, 0x11, 0x11, 0x11, 0x11, 0x11, 
    0x11, 0x11, 0x11, 0x11, 0x11, 0x11, 0x11, 0x11, 0x11, 0x11, 0x11, 0x11, 0x00, 0x12, 0x22, 0x22, 
    0x22, 0x22, 0x22, 0x22, 0x22, 0x22, 0x22, 0x22, 0x22, 0x22, 0x22, 0x22, 0x22, 0x22, 0x22, 0x22, 
    0x22, 0x22, 0x22, 0x22, 0x22, 0x22, 0x22, 0x22, 0x22, 0x22, 0x22, 0x22, 0x22, 0x22, 0x22, 0x33, 
    0x33, 0x33, 0x33, 0x33, 0x33, 0x22, 0x22, 0x22, 0x22, 0x22, 0x22, 0x22, 0x22, 0x22, 0x22, 0x22, 
    0x22, 0x22, 0x32, 0x22, 0x22, 0x22, 0x22, 0x22, 0x12, 0x22, 0x22, 0x22, 0x22, 0x22, 0x22, 0x22, 
    0x22, 0x22, 0x22, 0x22, 0x22, 0x22, 0x22, 0x22, 0x22, 0x22, 0x22, 0x22, 0x22, 0x22, 0x22, 0x22, 
    0x22, 0x22, 0x22, 0x22, 0x22, 0x22, 0x22, 0x22, 0x22, 0x11, 0x01, 0x11, 0x00, 0x00, 0x00, 0x00, 
    0x01, 0x11, 0x11, 0x11, 0x11, 0x11, 0x11, 0x11, 0x11, 0x11, 0x11, 0x11, 0x11, 0x11, 0x11, 0x11, 
    0x11, 0x11, 0x11, 0x11, 0x10, 0x02, 0x22, 0x22, 0x22, 0x22, 0x22, 0x22, 0x22, 0x22, 0x22, 0x22, 
    0x22, 0x22, 0x22, 0x22, 0x22, 0x22, 0x22, 0x22, 0x22, 0x22, 0x22, 0x22, 0x22, 0x22, 0x22, 0x22, 
    0x22, 0x22, 0x22, 0x22, 0x22, 0x22, 0x22, 0x23, 0x33, 0x33, 0x33, 0x33, 0x32, 0x22, 0x22, 0x22, 
    0x22, 0x22, 0x22, 0x22, 0x22, 0x22, 0x22, 0x22, 0x22, 0x22, 0x22, 0x22, 0x22, 0x23, 0x32, 0x33, 
    0x22, 0x22, 0x22, 0x22, 0x22, 0x22, 0x22, 0x22, 0x22, 0x22, 0x22, 0x22, 0x22, 0x22, 0x22, 0x22, 
    0x22, 0x22, 0x22, 0x22, 0x22, 0x22, 0x22, 0x22, 0x22, 0x22, 0x22, 0x22, 0x22, 0x22, 0x22, 0x22, 
    0x22, 0x10, 0x01, 0x11, 0x11, 0x11, 0x11, 0x11, 0x11, 0x11, 0x11, 0x11, 0x11, 0x11, 0x11, 0x11, 
    0x11, 0x11, 0x11, 0x11, 0x11, 0x11, 0x11, 0x11, 0x11, 0x11, 0x11, 0x11, 0x10, 0x01, 0x22, 0x22, 
    0x22, 0x22, 0x22, 0x22, 0x22, 0x22, 0x22, 0x22, 0x22, 0x22, 0x22, 0x22, 0x22, 0x22, 0x22, 0x22, 
    0x22, 0x22, 0x22, 0x22, 0x22, 0x22, 0x22, 0x22, 0x22, 0x22, 0x22, 0x22, 0x22, 0x22, 0x22, 0x23, 
    0x33, 0x33, 0x33, 0x33, 0x22, 0x22, 0x22, 0x22, 0x22, 0x22, 0x22, 0x22, 0x22, 0x22, 0x22, 0x22, 
    0x22, 0x22, 0x22, 0x22, 0x22, 0x33, 0x33, 0x33, 0x32, 0x22, 0x22, 0x22, 0x22, 0x22, 0x22, 0x22, 
    0x22, 0x22, 0x22, 0x22, 0x22, 0x22, 0x22, 0x22, 0x22, 0x22, 0x22, 0x22, 0x22, 0x22, 0x22, 0x22, 
    0x22, 0x22, 0x22, 0x22, 0x22, 0x22, 0x22, 0x22, 0x21, 0x00, 0x11, 0x11, 0x11, 0x11, 0x11, 0x11, 
    0x11, 0x11, 0x11, 0x11, 0x11, 0x11, 0x11, 0x11, 0x11, 0x11, 0x11, 0x11, 0x11, 0x11, 0x11, 0x11, 
    0x11, 0x11, 0x11, 0x11, 0x11, 0x00, 0x22, 0x22, 0x22, 0x22, 0x22, 0x22, 0x22, 0x22, 0x22, 0x22, 
    0x22, 0x22, 0x22, 0x22, 0x22, 0x22, 0x22, 0x22, 0x22, 0x22, 0x22, 0x22, 0x22, 0x22, 0x22, 0x22, 
    0x22, 0x22, 0x22, 0x22, 0x22, 0x22, 0x22, 0x22, 0x33, 0x33, 0x33, 0x32, 0x22, 0x22, 0x22, 0x22, 
    0x22, 0x22, 0x22, 0x22, 0x22, 0x22, 0x22, 0x22, 0x22, 0x22, 0x22, 0x21, 0x22, 0x33, 0x33, 0x33, 
    0x32, 0x22, 0x22, 0x22, 0x22, 0x22, 0x22, 0x22, 0x22, 0x22, 0x22, 0x22, 0x22, 0x22, 0x22, 0x22, 
    0x22, 0x22, 0x22, 0x22, 0x22, 0x22, 0x22, 0x22, 0x22, 0x22, 0x22, 0x22, 0x22, 0x22, 0x22, 0x22, 
    0x20, 0x01, 0x11, 0x11, 0x11, 0x11, 0x11, 0x11, 0x11, 0x11, 0x11, 0x11, 0x11, 0x11, 0x11, 0x11, 
    0x10, 0x50, 0x00, 0x00, 0x01, 0x11, 0x11, 0x11, 0x12, 0x11, 0x11, 0x11, 0x11, 0x00, 0x12, 0x22, 
    0x22, 0x22, 0x22, 0x22, 0x22, 0x22, 0x22, 0x22, 0x22, 0x22, 0x22, 0x22, 0x22, 0x22, 0x22, 0x22, 
    0x22, 0x22, 0x22, 0x22, 0x22, 0x22, 0x22, 0x22, 0x22, 0x22, 0x22, 0x22, 0x22, 0x22, 0x22, 0x22, 
    0x33, 0x33, 0x33, 0x22, 0x22, 0x22, 0x22, 0x22, 0x22, 0x22, 0x22, 0x22, 0x22, 0x22, 0x22, 0x22, 
    0x22, 0x22, 0x21, 0x22, 0x22, 0x33, 0x33, 0x33, 0x32, 0x22, 0x22, 0x22, 0x22, 0x22, 0x22, 0x22, 
    0x22, 0x22, 0x22, 0x22, 0x22, 0x22, 0x22, 0x22, 0x22, 0x22, 0x22, 0x22, 0x22, 0x22, 0x22, 0x22, 
    0x22, 0x22, 0x22, 0x22, 0x22, 0x22, 0x22, 0x22, 0x10, 0x01, 0x11, 0x11, 0x11, 0x11, 0x11, 0x11, 
    0x11, 0x11, 0x11, 0x11, 0x11, 0x11, 0x11, 0x10, 0x00, 0x01, 0x01, 0x20, 0x00, 0x00, 0x02, 0x11, 
    0x11, 0x11, 0x11, 0x11, 0x11, 0x10, 0x01, 0x22, 0x22, 0x22, 0x22, 0x22, 0x22, 0x22, 0x22, 0x22, 
    0x22, 0x22, 0x22, 0x22, 0x22, 0x22, 0x22, 0x22, 0x22, 0x22, 0x22, 0x22, 0x22, 0x22, 0x22, 0x22, 
    0x22, 0x22, 0x22, 0x22, 0x22, 0x22, 0x22, 0x22, 0x23, 0x33, 0x33, 0x22, 0x22, 0x22, 0x22, 0x22, 
    0x22, 0x22, 0x22, 0x22, 0x22, 0x22, 0x22, 0x22, 0x33, 0x23, 0x32, 0x22, 0x22, 0x23, 0x33, 0x33, 
    0x22, 0x22, 0x22, 0x22, 0x22, 0x22, 0x22, 0x22, 0x22, 0x22, 0x22, 0x22, 0x22, 0x22, 0x22, 0x22, 
    0x22, 0x22, 0x12, 0x22, 0x22, 0x22, 0x22, 0x22, 0x22, 0x22, 0x22, 0x22, 0x22, 0x22, 0x22, 0x21, 
    0x00, 0x11, 0x11, 0x11, 0x11, 0x11, 0x11, 0x11, 0x11, 0x11, 0x11, 0x11, 0x11, 0x11, 0x00, 0x00, 
    0x11, 0x01, 0x01, 0x51, 0x15, 0x11, 0x00, 0x00, 0x11, 0x11, 0x11, 0x11, 0x11, 0x10, 0x02, 0x22, 
    0x22, 0x22, 0x22, 0x22, 0x22, 0x22, 0x22, 0x22, 0x22, 0x22, 0x22, 0x22, 0x22, 0x22, 0x22, 0x22, 
    0x22, 0x22, 0x22, 0x22, 0x22, 0x22, 0x22, 0x22, 0x22, 0x22, 0x22, 0x22, 0x22, 0x22, 0x22, 0x22, 
    0x23, 0x33, 0x32, 0x22, 0x22, 0x22, 0x22, 0x22, 0x22, 0x22, 0x22, 0x22, 0x22, 0x22, 0x22, 0x23, 
    0x33, 0x33, 0x33, 0x22, 0x22, 0x22, 0x33, 0x32, 0x22, 0x22, 0x22, 0x22, 0x22, 0x22, 0x22, 0x22, 
    0x22, 0x22, 0x22, 0x22, 0x22, 0x22, 0x22, 0x22, 0x22, 0x11, 0x30, 0x12, 0x22, 0x22, 0x22, 0x22, 
    0x22, 0x22, 0x22, 0x22, 0x22, 0x22, 0x22, 0x12, 0x05, 0x11, 0x11, 0x11, 0x11, 0x11, 0x11, 0x11, 
    0x11, 0x11, 0x11, 0x11, 0x11, 0x10, 0x01, 0x11, 0x00, 0x01, 0x11, 0x11, 0x00, 0x00, 0x11, 0x00, 
    0x01, 0x11, 0x11, 0x11, 0x11, 0x10, 0x01, 0x22, 0x22, 0x22, 0x22, 0x22, 0x22, 0x22, 0x22, 0x22, 
    0x22, 0x22, 0x22, 0x22, 0x22, 0x22, 0x22, 0x22, 0x22, 0x22, 0x22, 0x22, 0x22, 0x22, 0x22, 0x22, 
    0x22, 0x22, 0x22, 0x22, 0x22, 0x22, 0x22, 0x22, 0x22, 0x33, 0x32, 0x22, 0x22, 0x22, 0x22, 0x22, 
    0x22, 0x22, 0x22, 0x22, 0x22, 0x22, 0x22, 0x23, 0x33, 0x33, 0x33, 0x22, 0x22, 0x22, 0x23, 0x22, 
    0x22, 0x22, 0x22, 0x22, 0x22, 0x22, 0x22, 0x22, 0x22, 0x22, 0x22, 0x22, 0x22, 0x22, 0x22, 0x22, 
    0x15, 0x00, 0x00, 0x00, 0x12, 0x22, 0x22, 0x22, 0x22, 0x22, 0x22, 0x22, 0x22, 0x22, 0x22, 0x20, 
    0x01, 0x11, 0x11, 0x11, 0x11, 0x11, 0x11, 0x11, 0x11, 0x11, 0x11, 0x11, 0x11, 0x00, 0x10, 0x10, 
    0x00, 0x11, 0x11, 0x11, 0x10, 0x00, 0x00, 0x01, 0x00, 0x01, 0x11, 0x11, 0x11, 0x11, 0x06, 0x22, 
    0x22, 0x22, 0x22, 0x22, 0x22, 0x22, 0x22, 0x22, 0x22, 0x22, 0x22, 0x22, 0x22, 0x22, 0x22, 0x22, 
    0x22, 0x22, 0x22, 0x22, 0x22, 0x22, 0x22, 0x22, 0x22, 0x22, 0x22, 0x22, 0x22, 0x22, 0x22, 0x22, 
    0x22, 0x33, 0x22, 0x22, 0x22, 0x22, 0x22, 0x22, 0x22, 0x22, 0x22, 0x22, 0x22, 0x22, 0x22, 0x23, 
    0x33, 0x33, 0x33, 0x22, 0x22, 0x22, 0x22, 0x22, 0x22, 0x22, 0x22, 0x22, 0x22, 0x22, 0x22, 0x22, 
    0x22, 0x22, 0x22, 0x22, 0x22, 0x22, 0x22, 0x21, 0x00, 0x01, 0x11, 0x10, 0x00, 0x12, 0x22, 0x22, 
    0x22, 0x22, 0x22, 0x22, 0x22, 0x22, 0x22, 0x10, 0x01, 0x11, 0x11, 0x11, 0x11, 0x11, 0x11, 0x11, 
    0x11, 0x11, 0x11, 0x11, 0x10, 0x01, 0x10, 0x00, 0x01, 0x11, 0x11, 0x11, 0x10, 0x00, 0x00, 0x05, 
    0x11, 0x00, 0x11, 0x11, 0x11, 0x11, 0x00, 0x12, 0x22, 0x22, 0x22, 0x22, 0x22, 0x22, 0x22, 0x22, 
    0x22, 0x22, 0x22, 0x22, 0x22, 0x22, 0x22, 0x22, 0x22, 0x22, 0x22, 0x22, 0x22, 0x22, 0x22, 0x22, 
    0x22, 0x22, 0x22, 0x22, 0x22, 0x22, 0x22, 0x22, 0x22, 0x23, 0x22, 0x22, 0x22, 0x22, 0x22, 0x22, 
    0x22, 0x22, 0x22, 0x22, 0x22, 0x22, 0x22, 0x22, 0x33, 0x33, 0x32, 0x22, 0x22, 0x22, 0x22, 0x22, 
    0x22, 0x22, 0x22, 0x22, 0x22, 0x22, 0x22, 0x22, 0x22, 0x22, 0x22, 0x22, 0x22, 0x22, 0x22, 0x10, 
    0x01, 0x11, 0x13, 0x11, 0x00, 0x22, 0x22, 0x22, 0x22, 0x22, 0x22, 0x22, 0x22, 0x22, 0x21, 0x00, 
    0x11, 0x01, 0x11, 0x11, 0x11, 0x11, 0x11, 0x11, 0x11, 0x11, 0x11, 0x11, 0x00, 0x10, 0x00, 0x00, 
    0x01, 0x11, 0x11, 0x11, 0x11, 0x05, 0x05, 0x00, 0x01, 0x10, 0x11, 0x11, 0x11, 0x11, 0x00, 0x22, 
    0x22, 0x22, 0x22, 0x22, 0x22, 0x22, 0x22, 0x22, 0x22, 0x22, 0x22, 0x22, 0x22, 0x22, 0x22, 0x22, 
    0x22, 0x22, 0x22, 0x22, 0x22, 0x22, 0x22, 0x22, 0x22, 0x22, 0x22, 0x22, 0x22, 0x22, 0x22, 0x22, 
    0x22, 0x23, 0x22, 0x22, 0x22, 0x22, 0x22, 0x22, 0x12, 0x11, 0x22, 0x22, 0x22, 0x22, 0x22, 0x22, 
    0x23, 0x33, 0x22, 0x22, 0x22, 0x22, 0x22, 0x22, 0x22, 0x22, 0x22, 0x22, 0x22, 0x22, 0x22, 0x22, 
    0x22, 0x22, 0x22, 0x22, 0x22, 0x22, 0x21, 0x00, 0x11, 0x36, 0x15, 0x21, 0x10, 0x01, 0x22, 0x22, 
    0x22, 0x22, 0x22, 0x22, 0x22, 0x22, 0x10, 0x01, 0x13, 0x10, 0x11, 0x11, 0x11, 0x11, 0x11, 0x11, 
    0x11, 0x11, 0x11, 0x10, 0x01, 0x00, 0x00, 0x50, 0x01, 0x11, 0x11, 0x11, 0x10, 0x00, 0x06, 0x00, 
    0x00, 0x11, 0x01, 0x11, 0x11, 0x11, 0x10, 0x22, 0x22, 0x22, 0x22, 0x22, 0x22, 0x22, 0x22, 0x22, 
    0x22, 0x22, 0x22, 0x22, 0x22, 0x22, 0x22, 0x22, 0x22, 0x22, 0x22, 0x22, 0x22, 0x22, 0x22, 0x22, 
    0x22, 0x22, 0x22, 0x22, 0x22, 0x22, 0x22, 0x22, 0x22, 0x23, 0x22, 0x22, 0x22, 0x22, 0x22, 0x25, 
    0x00, 0x00, 0x22, 0x22, 0x22, 0x22, 0x22, 0x22, 0x22, 0x32, 0x22, 0x22, 0x22, 0x22, 0x22, 0x22, 
    0x22, 0x22, 0x22, 0x22, 0x22, 0x22, 0x22, 0x22, 0x22, 0x22, 0x22, 0x22, 0x22, 0x22, 0x21, 0x00, 
    0x16, 0x15, 0x21, 0x52, 0x11, 0x00, 0x22, 0x22, 0x22, 0x22, 0x22, 0x22, 0x22, 0x22, 0x20, 0x01, 
    0x25, 0x12, 0x52, 0x11, 0x11, 0x11, 0x11, 0x11, 0x11, 0x11, 0x11, 0x10, 0x11, 0x00, 0x50, 0x00, 
    0x00, 0x11, 0x11, 0x11, 0x10, 0x00, 0x50, 0x05, 0x00, 0x01, 0x00, 0x11, 0x11, 0x11, 0x10, 0x01, 
    0x22, 0x22, 0x22, 0x22, 0x22, 0x22, 0x22, 0x22, 0x22, 0x22, 0x22, 0x22, 0x22, 0x22, 0x22, 0x22, 
    0x22, 0x22, 0x22, 0x22, 0x22, 0x22, 0x22, 0x22, 0x22, 0x22, 0x22, 0x22, 0x22, 0x22, 0x22, 0x22, 
    0x22, 0x22, 0x22, 0x22, 0x22, 0x22, 0x22, 0x20, 0x00, 0x00, 0x01, 0x22, 0x22, 0x22, 0x22, 0x22, 
    0x22, 0x22, 0x22, 0x22, 0x22, 0x22, 0x22, 0x22, 0x22, 0x22, 0x22, 0x22, 0x22, 0x22, 0x22, 0x22, 
    0x22, 0x22, 0x22, 0x22, 0x22, 0x22, 0x10, 0x01, 0x13, 0x13, 0x10, 0x11, 0x01, 0x00, 0x12, 0x22, 
    0x22, 0x22, 0x22, 0x22, 0x22, 0x21, 0x00, 0x15, 0x21, 0x01, 0x10, 0x11, 0x11, 0x11, 0x11, 0x11, 
    0x11, 0x11, 0x11, 0x01, 0x00, 0x00, 0x00, 0x65, 0x00, 0x01, 0x11, 0x11, 0x00, 0x00, 0x00, 0x06, 
    0x50, 0x00, 0x10, 0x01, 0x11, 0x11, 0x10, 0x01, 0x22, 0x22, 0x22, 0x22, 0x22, 0x22, 0x22, 0x22, 
    0x22, 0x22, 0x22, 0x22, 0x22, 0x22, 0x22, 0x22, 0x22, 0x22, 0x22, 0x22, 0x22, 0x22, 0x22, 0x22, 
    0x22, 0x22, 0x22, 0x22, 0x22, 0x22, 0x22, 0x22, 0x22, 0x22, 0x22, 0x22, 0x22, 0x22, 0x22, 0x00, 
    0x11, 0x11, 0x00, 0x12, 0x22, 0x22, 0x22, 0x22, 0x22, 0x22, 0x22, 0x22, 0x22, 0x22, 0x22, 0x22, 
    0x22, 0x22, 0x22, 0x22, 0x22, 0x22, 0x22, 0x22, 0x22, 0x22, 0x22, 0x22, 0x22, 0x22, 0x10, 0x01, 
    0x15, 0x15, 0x11, 0x31, 0x11, 0x00, 0x22, 0x22, 0x22, 0x22, 0x22, 0x22, 0x22, 0x21, 0x00, 0x11, 
    0x01, 0x31, 0x01, 0x03, 0x11, 0x11, 0x11, 0x11, 0x11, 0x11, 0x10, 0x01, 0x00, 0x05, 0x05, 0x00, 
    0x00, 0x00, 0x00, 0x00, 0x00, 0x50, 0x65, 0x00, 0x00, 0x00, 0x15, 0x01, 0x11, 0x11, 0x10, 0x02, 
    0x22, 0x22, 0x22, 0x22, 0x22, 0x22, 0x22, 0x22, 0x22, 0x22, 0x22, 0x22, 0x22, 0x22, 0x21, 0x22, 
    0x22, 0x22, 0x22, 0x22, 0x22, 0x22, 0x22, 0x22, 0x22, 0x22, 0x22, 0x22, 0x22, 0x22, 0x22, 0x22, 
    0x22, 0x22, 0x22, 0x22, 0x22, 0x22, 0x22, 0x00, 0x12, 0x21, 0x00, 0x22, 0x22, 0x22, 0x22, 0x22, 
    0x22, 0x22, 0x22, 0x22, 0x22, 0x22, 0x22, 0x22, 0x22, 0x22, 0x22, 0x22, 0x22, 0x22, 0x22, 0x22, 
    0x22, 0x22, 0x22, 0x22, 0x22, 0x22, 0x30, 0x11, 0x31, 0x62, 0x31, 0x65, 0x21, 0x00, 0x22, 0x22, 
    0x22, 0x22, 0x22, 0x22, 0x22, 0x10, 0x01, 0x11, 0x11, 0x01, 0x01, 0x10, 0x11, 0x11, 0x11, 0x11, 
    0x11, 0x11, 0x10, 0x00, 0x05, 0x06, 0x00, 0x05, 0x00, 0x50, 0x00, 0x00, 0x00, 0x00, 0x50, 0x05, 
    0x05, 0x00, 0x01, 0x06, 0x11, 0x11, 0x11, 0x05, 0x22, 0x22, 0x22, 0x22, 0x22, 0x22, 0x22, 0x22, 
    0x22, 0x22, 0x22, 0x22, 0x22, 0x22, 0x22, 0x12, 0x21, 0x22, 0x22, 0x22, 0x22, 0x22, 0x22, 0x22, 
    0x22, 0x22, 0x22, 0x22, 0x22, 0x22, 0x22, 0x22, 0x22, 0x22, 0x22, 0x22, 0x22, 0x22, 0x11, 0x00, 
    0x22, 0x21, 0x10, 0x22, 0x22, 0x22, 0x22, 0x22, 0x22, 0x22, 0x22, 0x22, 0x22, 0x22, 0x22, 0x22, 
    0x22, 0x22, 0x22, 0x22, 0x22, 0x22, 0x22, 0x22, 0x22, 0x22, 0x22, 0x22, 0x22, 0x21, 0x00, 0x11, 
    0x61, 0x31, 0x51, 0x31, 0x51, 0x00, 0x22, 0x22, 0x22, 0x22, 0x22, 0x22, 0x22, 0x10, 0x01, 0x11, 
    0x11, 0x11, 0x13, 0x61, 0x11, 0x11, 0x11, 0x11, 0x11, 0x11, 0x00, 0x10, 0x00, 0x05, 0x00, 0x60, 
    0x06, 0x00, 0x05, 0x00, 0x56, 0x50, 0x00, 0x60, 0x00, 0x05, 0x01, 0x10, 0x11, 0x11, 0x11, 0x00, 
    0x22, 0x22, 0x22, 0x22, 0x22, 0x22, 0x22, 0x22, 0x22, 0x22, 0x22, 0x22, 0x22, 0x22, 0x21, 0x00, 
    0x00, 0x12, 0x22, 0x22, 0x22, 0x22, 0x22, 0x22, 0x22, 0x22, 0x22, 0x22, 0x22, 0x22, 0x22, 0x22, 
    0x22, 0x22, 0x22, 0x22, 0x22, 0x22, 0x21, 0x02, 0x22, 0x22, 0x10, 0x02, 0x22, 0x22, 0x22, 0x22, 
    0x22, 0x22, 0x22, 0x22, 0x22, 0x22, 0x22, 0x22, 0x22, 0x22, 0x22, 0x22, 0x22, 0x22, 0x22, 0x22, 
    0x22, 0x22, 0x22, 0x22, 0x22, 0x21, 0x00, 0x13, 0x15, 0x10, 0x16, 0x52, 0x11, 0x00, 0x12, 0x22, 
    0x22, 0x22, 0x22, 0x22, 0x21, 0x00, 0x11, 0x11, 0x11, 0x11, 0x11, 0x11, 0x11, 0x11, 0x11, 0x11, 
    0x11, 0x11, 0x01, 0x10, 0x00, 0x00, 0x05, 0x05, 0x05, 0x05, 0x60, 0x06, 0x00, 0x00, 0x65, 0x00, 
    0x00, 0x00, 0x00, 0x10, 0x11, 0x11, 0x11, 0x00, 0x12, 0x22, 0x22, 0x22, 0x22, 0x22, 0x22, 0x22, 
    0x22, 0x22, 0x22, 0x22, 0x22, 0x12, 0x20, 0x05, 0x10, 0x02, 0x22, 0x22, 0x22, 0x22, 0x22, 0x22, 
    0x22, 0x22, 0x22, 0x22, 0x22, 0x22, 0x22, 0x22, 0x22, 0x22, 0x22, 0x22, 0x22, 0x22, 0x21, 0x02, 
    0x22, 0x22, 0x10, 0x02, 0x22, 0x22, 0x22, 0x22, 0x22, 0x22, 0x22, 0x22, 0x22, 0x22, 0x22, 0x22, 
    0x22, 0x22, 0x22, 0x22, 0x22, 0x22, 0x22, 0x22, 0x22, 0x22, 0x22, 0x22, 0x22, 0x21, 0x00, 0x11, 
    0x02, 0x52, 0x52, 0x10, 0x12, 0x00, 0x22, 0x22, 0x22, 0x22, 0x22, 0x22, 0x25, 0x01, 0x13, 0x11, 
    0x11, 0x11, 0x11, 0x11, 0x11, 0x11, 0x11, 0x11, 0x11, 0x11, 0x01, 0x00, 0x00, 0x00, 0x00, 0x00, 
    0x00, 0x00, 0x05, 0x05, 0x05, 0x05, 0x00, 0x11, 0x11, 0x10, 0x00, 0x11, 0x01, 0x11, 0x11, 0x00, 
    0x22, 0x22, 0x22, 0x22, 0x22, 0x22, 0x22, 0x22, 0x22, 0x22, 0x22, 0x22, 0x12, 0x21, 0x10, 0x01, 
    0x10, 0x01, 0x22, 0x22, 0x22, 0x22, 0x22, 0x22, 0x22, 0x22, 0x22, 0x22, 0x22, 0x22, 0x22, 0x22, 
    0x22, 0x22, 0x22, 0x22, 0x22, 0x22, 0x22, 0x01, 0x12, 0x22, 0x20, 0x51, 0x22, 0x22, 0x22, 0x22, 
    0x22, 0x22, 0x22, 0x22, 0x22, 0x22, 0x22, 0x22, 0x22, 0x22, 0x22, 0x22, 0x22, 0x22, 0x22, 0x22, 
    0x22, 0x22, 0x22, 0x22, 0x22, 0x21, 0x00, 0x10, 0x11, 0x11, 0x11, 0x11, 0x11, 0x02, 0x22, 0x22, 
    0x22, 0x22, 0x22, 0x22, 0x20, 0x01, 0x25, 0x61, 0x11, 0x11, 0x11, 0x11, 0x11, 0x11, 0x11, 0x11, 
    0x11, 0x10, 0x01, 0x00, 0x11, 0x11, 0x10, 0x00, 0x65, 0x00, 0x00, 0x00, 0x00, 0x06, 0x03, 0x11, 
    0x11, 0x11, 0x00, 0x01, 0x01, 0x11, 0x11, 0x00, 0x12, 0x22, 0x22, 0x22, 0x22, 0x22, 0x22, 0x22, 
    0x22, 0x22, 0x22, 0x22, 0x22, 0x21, 0x00, 0x22, 0x10, 0x01, 0x22, 0x22, 0x22, 0x22, 0x22, 0x22, 
    0x22, 0x22, 0x22, 0x22, 0x22, 0x22, 0x22, 0x22, 0x22, 0x22, 0x22, 0x22, 0x22, 0x22, 0x22, 0x00, 
    0x12, 0x22, 0x10, 0x01, 0x22, 0x22, 0x22, 0x22, 0x22, 0x22, 0x22, 0x22, 0x22, 0x22, 0x22, 0x22, 
    0x22, 0x22, 0x22, 0x22, 0x22, 0x22, 0x22, 0x22, 0x22, 0x22, 0x22, 0x22, 0x22, 0x22, 0x01, 0x11, 
    0x11, 0x11, 0x11, 0x11, 0x15, 0x01, 0x22, 0x22, 0x22, 0x22, 0x22, 0x22, 0x20, 0x01, 0x13, 0x10, 
    0x31, 0x11, 0x11, 0x11, 0x11, 0x11, 0x11, 0x11, 0x11, 0x10, 0x00, 0x01, 0x11, 0x11, 0x16, 0x05, 
    0x00, 0x05, 0x65, 0x06, 0x50, 0x00, 0x01, 0x11, 0x11, 0x11, 0x60, 0x01, 0x01, 0x11, 0x11, 0x50, 
    0x22, 0x22, 0x22, 0x22, 0x22, 0x22, 0x22, 0x22, 0x22, 0x22, 0x22, 0x22, 0x22, 0x20, 0x00, 0x12, 
    0x10, 0x02, 0x22, 0x22, 0x22, 0x22, 0x22, 0x22, 0x22, 0x22, 0x22, 0x22, 0x22, 0x22, 0x22, 0x22, 
    0x22, 0x22, 0x22, 0x22, 0x22, 0x22, 0x22, 0x00, 0x22, 0x22, 0x10, 0x01, 0x22, 0x22, 0x22, 0x22, 
    0x22, 0x22, 0x22, 0x22, 0x22, 0x22, 0x22, 0x22, 0x22, 0x22, 0x22, 0x22, 0x22, 0x22, 0x22, 0x22, 
    0x22, 0x22, 0x22, 0x22, 0x22, 0x22, 0x05, 0x11, 0x11, 0x21, 0x13, 0x11, 0x10, 0x02, 0x22, 0x22, 
    0x22, 0x22, 0x22, 0x22, 0x20, 0x13, 0x16, 0x11, 0x01, 0x01, 0x11, 0x11, 0x11, 0x11, 0x11, 0x11, 
    0x11, 0x10, 0x10, 0x11, 0x11, 0x11, 0x11, 0x00, 0x00, 0x60, 0x00, 0x50, 0x00, 0x50, 0x01, 0x11, 
    0x11, 0x11, 0x10, 0x01, 0x01, 0x11, 0x11, 0x20, 0x22, 0x22, 0x22, 0x22, 0x22, 0x22, 0x22, 0x22, 
    0x22, 0x22, 0x22, 0x22, 0x22, 0x10, 0x01, 0x22, 0x10, 0x01, 0x22, 0x22, 0x22, 0x22, 0x22, 0x22, 
    0x22, 0x22, 0x22, 0x22, 0x22, 0x22, 0x22, 0x22, 0x22, 0x22, 0x22, 0x12, 0x22, 0x12, 0x21, 0x00, 
    0x12, 0x22, 0x10, 0x02, 0x22, 0x22, 0x22, 0x22, 0x22, 0x22, 0x22, 0x22, 0x22, 0x22, 0x22, 0x22, 
    0x22, 0x22, 0x22, 0x22, 0x22, 0x22, 0x22, 0x22, 0x22, 0x22, 0x22, 0x22, 0x22, 0x21, 0x01, 0x12, 
    0x11, 0x11, 0x11, 0x11, 0x10, 0x01, 0x22, 0x22, 0x22, 0x22, 0x22, 0x22, 0x01, 0x10, 0x51, 0x35, 
    0x12, 0x52, 0x11, 0x11, 0x11, 0x11, 0x11, 0x11, 0x11, 0x10, 0x10, 0x11, 0x11, 0x11, 0x11, 0x00, 
    0x50, 0x50, 0x50, 0x00, 0x56, 0x00, 0x61, 0x11, 0x11, 0x11, 0x10, 0x00, 0x00, 0x11, 0x11, 0x10, 
    0x22, 0x22, 0x22, 0x22, 0x22, 0x22, 0x22, 0x22, 0x22, 0x22, 0x22, 0x22, 0x21, 0x00, 0x52, 0x22, 
    0x10, 0x01, 0x22, 0x22, 0x22, 0x22, 0x22, 0x22, 0x22, 0x22, 0x22, 0x22, 0x22, 0x22, 0x22, 0x22, 
    0x22, 0x22, 0x21, 0x50, 0x00, 0x02, 0x12, 0x00, 0x12, 0x22, 0x20, 0x01, 0x22, 0x22, 0x22, 0x22, 
    0x22, 0x22, 0x22, 0x22, 0x22, 0x12, 0x22, 0x22, 0x22, 0x22, 0x22, 0x22, 0x22, 0x22, 0x22, 0x22, 
    0x22, 0x22, 0x22, 0x22, 0x22, 0x21, 0x00, 0x11, 0x11, 0x11, 0x11, 0x01, 0x10, 0x02, 0x22, 0x22, 
    0x22, 0x22, 0x22, 0x22, 0x01, 0x11, 0x20, 0x12, 0x51, 0x25, 0x36, 0x11, 0x11, 0x11, 0x11, 0x11, 
    0x11, 0x10, 0x10, 0x11, 0x11, 0x11, 0x11, 0x00, 0x00, 0x00, 0x00, 0x60, 0x00, 0x50, 0x01, 0x11, 
    0x11, 0x11, 0x00, 0x01, 0x10, 0x11, 0x11, 0x10, 0x22, 0x22, 0x22, 0x22, 0x22, 0x22, 0x22, 0x22, 
    0x22, 0x22, 0x22, 0x22, 0x21, 0x00, 0x12, 0x21, 0x50, 0x22, 0x22, 0x22, 0x22, 0x22, 0x22, 0x22, 
    0x22, 0x22, 0x22, 0x22, 0x22, 0x22, 0x22, 0x22, 0x22, 0x22, 0x10, 0x00, 0x11, 0x00, 0x11, 0x00, 
    0x22, 0x22, 0x20, 0x22, 0x22, 0x22, 0x22, 0x22, 0x22, 0x22, 0x22, 0x22, 0x22, 0x22, 0x22, 0x22, 
    0x22, 0x22, 0x22, 0x22, 0x22, 0x22, 0x22, 0x22, 0x22, 0x22, 0x22, 0x22, 0x22, 0x22, 0x01, 0x11, 
    0x11, 0x00, 0x35, 0x20, 0x10, 0x02, 0x22, 0x22, 0x22, 0x22, 0x22, 0x20, 0x01, 0x11, 0x11, 0x05, 
    0x23, 0x11, 0x52, 0x51, 0x11, 0x11, 0x11, 0x11, 0x11, 0x30, 0x10, 0x11, 0x11, 0x11, 0x11, 0x00, 
    0x05, 0x60, 0x50, 0x50, 0x50, 0x00, 0x00, 0x11, 0x11, 0x11, 0x00, 0x00, 0x10, 0x11, 0x11, 0x10, 
    0x22, 0x22, 0x22, 0x22, 0x22, 0x22, 0x22, 0x22, 0x22, 0x22, 0x22, 0x22, 0x21, 0x00, 0x12, 0x21, 
    0x00, 0x22, 0x22, 0x22, 0x22, 0x22, 0x22, 0x22, 0x22, 0x22, 0x22, 0x22, 0x22, 0x22, 0x22, 0x22, 
    0x22, 0x21, 0x30, 0x01, 0x11, 0x00, 0x11, 0x01, 0x22, 0x22, 0x10, 0x12, 0x22, 0x22, 0x22, 0x22, 
    0x22, 0x22, 0x22, 0x21, 0x22, 0x22, 0x22, 0x22, 0x22, 0x22, 0x22, 0x22, 0x22, 0x22, 0x22, 0x22, 
    0x22, 0x22, 0x22, 0x22, 0x22, 0x22, 0x00, 0x10, 0x10, 0x11, 0x61, 0x51, 0x10, 0x01, 0x22, 0x22, 
    0x22, 0x22, 0x22, 0x20, 0x11, 0x11, 0x11, 0x11, 0x10, 0x52, 0x13, 0x11, 0x11, 0x11, 0x11, 0x11, 
    0x11, 0x00, 0x10, 0x01, 0x11, 0x11, 0x10, 0x00, 0x00, 0x50, 0x00, 0x00, 0x60, 0x50, 0x50, 0x01, 
    0x11, 0x00, 0x00, 0x00, 0x10, 0x11, 0x11, 0x10, 0x21, 0x22, 0x22, 0x22, 0x22, 0x22, 0x22, 0x22, 
    0x22, 0x22, 0x22, 0x22, 0x22, 0x00, 0x12, 0x10, 0x00, 0x12, 0x22, 0x22, 0x22, 0x22, 0x22, 0x22, 
    0x22, 0x22, 0x22, 0x22, 0x22, 0x22, 0x22, 0x22, 0x22, 0x22, 0x00, 0x12, 0x21, 0x00, 0x11, 0x01, 
    0x22, 0x21, 0x00, 0x12, 0x22, 0x22, 0x22, 0x22, 0x22, 0x22, 0x22, 0x20, 0x02, 0x22, 0x22, 0x22, 
    0x22, 0x22, 0x22, 0x22, 0x22, 0x22, 0x22, 0x22, 0x22, 0x22, 0x22, 0x22, 0x22, 0x21, 0x00, 0x12, 
    0x52, 0x53, 0x13, 0x13, 0x15, 0x02, 0x22, 0x22, 0x22, 0x22, 0x22, 0x00, 0x11, 0x11, 0x11, 0x11, 
    0x11, 0x11, 0x11, 0x11, 0x11, 0x11, 0x11, 0x11, 0x11, 0x01, 0x10, 0x00, 0x01, 0x10, 0x00, 0x05, 
    0x00, 0x00, 0x56, 0x50, 0x50, 0x06, 0x00, 0x00, 0x00, 0x00, 0x05, 0x00, 0x10, 0x11, 0x11, 0x10, 
    0x01, 0x22, 0x22, 0x22, 0x22, 0x22, 0x22, 0x22, 0x22, 0x22, 0x22, 0x22, 0x21, 0x01, 0x11, 0x10, 
    0x01, 0x22, 0x22, 0x22, 0x21, 0x12, 0x12, 0x11, 0x22, 0x22, 0x22, 0x22, 0x22, 0x22, 0x22, 0x12, 
    0x22, 0x15, 0x00, 0x12, 0x11, 0x00, 0x12, 0x01, 0x12, 0x21, 0x00, 0x12, 0x22, 0x00, 0x05, 0x22, 
    0x22, 0x22, 0x22, 0x20, 0x01, 0x22, 0x22, 0x22, 0x22, 0x22, 0x22, 0x22, 0x22, 0x22, 0x22, 0x22, 
    0x22, 0x22, 0x22, 0x22, 0x22, 0x22, 0x00, 0x11, 0x31, 0x11, 0x01, 0x65, 0x21, 0x02, 0x22, 0x22, 
    0x22, 0x22, 0x22, 0x01, 0x11, 0x11, 0x11, 0x11, 0x11, 0x11, 0x11, 0x11, 0x11, 0x11, 0x11, 0x11, 
    0x11, 0x00, 0x00, 0x00, 0x00, 0x00, 0x00, 0x00, 0x65, 0x06, 0x00, 0x00, 0x00, 0x50, 0x05, 0x00, 
    0x00, 0x05, 0x00, 0x00, 0x10, 0x11, 0x11, 0x10, 0x00, 0x12, 0x22, 0x22, 0x22, 0x22, 0x22, 0x22, 
    0x22, 0x22, 0x22, 0x22, 0x10, 0x01, 0x11, 0x00, 0x22, 0x22, 0x22, 0x21, 0x20, 0x00, 0x00, 0x00, 
    0x21, 0x22, 0x21, 0x22, 0x22, 0x22, 0x22, 0x00, 0x11, 0x10, 0x01, 0x22, 0x10, 0x01, 0x11, 0x01, 
    0x12, 0x22, 0x00, 0x12, 0x15, 0x01, 0x00, 0x12, 0x22, 0x22, 0x22, 0x10, 0x02, 0x22, 0x22, 0x22, 
    0x22, 0x22, 0x22, 0x22, 0x22, 0x22, 0x22, 0x22, 0x22, 0x22, 0x22, 0x22, 0x22, 0x22, 0x10, 0x11, 
    0x52, 0x52, 0x15, 0x31, 0x11, 0x02, 0x22, 0x22, 0x22, 0x22, 0x20, 0x01, 0x11, 0x11, 0x11, 0x11, 
    0x11, 0x11, 0x11, 0x11, 0x11, 0x11, 0x11, 0x11, 0x11, 0x01, 0x50, 0x05, 0x00, 0x50, 0x05, 0x65, 
    0x00, 0x50, 0x00, 0x00, 0x56, 0x00, 0x00, 0x65, 0x05, 0x00, 0x06, 0x50, 0x10, 0x11, 0x11, 0x11, 
    0x00, 0x12, 0x22, 0x22, 0x22, 0x22, 0x22, 0x22, 0x22, 0x22, 0x22, 0x22, 0x20, 0x01, 0x10, 0x02, 
    0x12, 0x22, 0x22, 0x22, 0x00, 0x00, 0x52, 0x00, 0x01, 0x11, 0x00, 0x22, 0x22, 0x22, 0x21, 0x00, 
    0x01, 0x00, 0x11, 0x11, 0x00, 0x01, 0x22, 0x01, 0x22, 0x22, 0x00, 0x12, 0x20, 0x01, 0x00, 0x12, 
    0x22, 0x22, 0x22, 0x20, 0x02, 0x22, 0x22, 0x22, 0x22, 0x22, 0x22, 0x22, 0x22, 0x22, 0x22, 0x22, 
    0x22, 0x22, 0x22, 0x22, 0x22, 0x22, 0x10, 0x01, 0x25, 0x25, 0x36, 0x11, 0x11, 0x00, 0x22, 0x22, 
    0x22, 0x22, 0x20, 0x01, 0x36, 0x11, 0x11, 0x11, 0x11, 0x11, 0x11, 0x11, 0x11, 0x11, 0x11, 0x11, 
    0x11, 0x02, 0x10, 0x00, 0x60, 0x00, 0x60, 0x00, 0x50, 0x00, 0x11, 0x10, 0x00, 0x05, 0x05, 0x00, 
    0x00, 0x65, 0x00, 0x00, 0x10, 0x11, 0x11, 0x11, 0x10, 0x22, 0x22, 0x22, 0x22, 0x22, 0x22, 0x22, 
    0x22, 0x22, 0x22, 0x22, 0x10, 0x01, 0x20, 0x01, 0x22, 0x22, 0x22, 0x10, 0x01, 0x11, 0x21, 0x11, 
    0x00, 0x11, 0x00, 0x12, 0x22, 0x22, 0x21, 0x00, 0x00, 0x00, 0x11, 0x30, 0x00, 0x12, 0x21, 0x00, 
    0x12, 0x25, 0x02, 0x22, 0x10, 0x01, 0x00, 0x22, 0x22, 0x22, 0x22, 0x20, 0x01, 0x22, 0x22, 0x22, 
    0x22, 0x22, 0x22, 0x22, 0x22, 0x22, 0x22, 0x22, 0x22, 0x22, 0x22, 0x22, 0x22, 0x22, 0x10, 0x01, 
    0x31, 0x01, 0x11, 0x11, 0x11, 0x00, 0x22, 0x22, 0x22, 0x22, 0x50, 0x11, 0x15, 0x30, 0x11, 0x11, 
    0x11, 0x11, 0x11, 0x11, 0x11, 0x11, 0x11, 0x11, 0x11, 0x10, 0x10, 0x05, 0x05, 0x05, 0x05, 0x00, 
    0x00, 0x11, 0x11, 0x11, 0x00, 0x00, 0x60, 0x05, 0x00, 0x00, 0x50, 0x01, 0x10, 0x11, 0x11, 0x11, 
    0x10, 0x01, 0x22, 0x22, 0x22, 0x22, 0x22, 0x22, 0x22, 0x22, 0x22, 0x22, 0x10, 0x01, 0x01, 0x12, 
    0x22, 0x22, 0x21, 0x00, 0x12, 0x22, 0x22, 0x21, 0x00, 0x11, 0x00, 0x12, 0x22, 0x22, 0x21, 0x00, 
    0x50, 0x00, 0x00, 0x00, 0x01, 0x22, 0x11, 0x00, 0x22, 0x20, 0x01, 0x22, 0x21, 0x01, 0x00, 0x22, 
    0x22, 0x22, 0x22, 0x10, 0x12, 0x22, 0x22, 0x22, 0x22, 0x22, 0x22, 0x22, 0x22, 0x22, 0x22, 0x22, 
    0x22, 0x22, 0x22, 0x22, 0x22, 0x22, 0x10, 0x01, 0x11, 0x11, 0x11, 0x11, 0x21, 0x50, 0x22, 0x22, 
    0x22, 0x22, 0x00, 0x11, 0x01, 0x11, 0x03, 0x11, 0x11, 0x11, 0x11, 0x11, 0x11, 0x11, 0x11, 0x11, 
    0x11, 0x10, 0x10, 0x00, 0x00, 0x60, 0x00, 0x05, 0x00, 0x11, 0x11, 0x11, 0x10, 0x05, 0x05, 0x06, 
    0x05, 0x00, 0x60, 0x01, 0x01, 0x11, 0x11, 0x11, 0x10, 0x02, 0x22, 0x22, 0x22, 0x22, 0x22, 0x22, 
    0x22, 0x22, 0x22, 0x22, 0x10, 0x00, 0x02, 0x22, 0x22, 0x22, 0x22, 0x00, 0x12, 0x22, 0x22, 0x21, 
    0x10, 0x00, 0x00, 0x12, 0x22, 0x22, 0x21, 0x00, 0x12, 0x00, 0x50, 0x01, 0x22, 0x22, 0x21, 0x00, 
    0x11, 0x20, 0x01, 0x22, 0x21, 0x00, 0x00, 0x12, 0x22, 0x21, 0x22, 0x10, 0x12, 0x22, 0x22, 0x22, 
    0x22, 0x22, 0x22, 0x22, 0x22, 0x22, 0x22, 0x22, 0x22, 0x22, 0x22, 0x22, 0x22, 0x22, 0x25, 0x01, 
    0x11, 0x11, 0x11, 0x21, 0x11, 0x10, 0x22, 0x22, 0x22, 0x21, 0x00, 0x13, 0x12, 0x52, 0x15, 0x13, 
    0x11, 0x11, 0x11, 0x11, 0x11, 0x11, 0x11, 0x11, 0x11, 0x10, 0x01, 0x00, 0x50, 0x50, 0x05, 0x60, 
    0x01, 0x11, 0x11, 0x11, 0x11, 0x00, 0x00, 0x05, 0x00, 0x65, 0x00, 0x10, 0x11, 0x11, 0x10, 0x11, 
    0x11, 0x01, 0x22, 0x22, 0x22, 0x22, 0x22, 0x22, 0x22, 0x22, 0x22, 0x22, 0x10, 0x00, 0x21, 0x22, 
    0x22, 0x22, 0x10, 0x01, 0x22, 0x22, 0x22, 0x22, 0x20, 0x01, 0x10, 0x22, 0x22, 0x22, 0x21, 0x00, 
    0x15, 0x01, 0x11, 0x22, 0x22, 0x22, 0x21, 0x00, 0x11, 0x00, 0x12, 0x22, 0x21, 0x00, 0x00, 0x12, 
    0x22, 0x22, 0x22, 0x50, 0x12, 0x22, 0x22, 0x22, 0x22, 0x22, 0x22, 0x22, 0x22, 0x22, 0x22, 0x22, 
    0x22, 0x22, 0x22, 0x22, 0x22, 0x22, 0x22, 0x01, 0x11, 0x21, 0x11, 0x11, 0x11, 0x10, 0x01, 0x22, 
    0x22, 0x22, 0x01, 0x10, 0x52, 0x10, 0x12, 0x52, 0x10, 0x11, 0x11, 0x11, 0x11, 0x11, 0x11, 0x11, 
    0x11, 0x11, 0x01, 0x10, 0x00, 0x00, 0x00, 0x05, 0x01, 0x11, 0x11, 0x11, 0x15, 0x00, 0x56, 0x00, 
    0x05, 0x00, 0x01, 0x00, 0x11, 0x11, 0x10, 0x11, 0x11, 0x00, 0x22, 0x22, 0x22, 0x22, 0x22, 0x22, 
    0x22, 0x22, 0x22, 0x22, 0x10, 0x01, 0x12, 0x22, 0x22, 0x22, 0x10, 0x01, 0x22, 0x22, 0x22, 0x22, 
    0x21, 0x00, 0x10, 0x51, 0x22, 0x22, 0x21, 0x00, 0x10, 0x01, 0x22, 0x22, 0x12, 0x21, 0x21, 0x00, 
    0x11, 0x00, 0x12, 0x22, 0x22, 0x10, 0x00, 0x22, 0x22, 0x22, 0x21, 0x00, 0x12, 0x22, 0x22, 0x22, 
    0x22, 0x22, 0x22, 0x22, 0x22, 0x22, 0x22, 0x22, 0x22, 0x22, 0x22, 0x22, 0x22, 0x22, 0x22, 0x00, 
    0x11, 0x15, 0x21, 0x11, 0x53, 0x15, 0x02, 0x22, 0x22, 0x25, 0x01, 0x11, 0x10, 0x10, 0x31, 0x25, 
    0x21, 0x02, 0x11, 0x11, 0x11, 0x11, 0x11, 0x11, 0x11, 0x11, 0x00, 0x10, 0x00, 0x65, 0x05, 0x00, 
    0x02, 0x11, 0x11, 0x11, 0x10, 0x00, 0x00, 0x50, 0x60, 0x00, 0x10, 0x01, 0x11, 0x11, 0x10, 0x11, 
    0x11, 0x00, 0x12, 0x22, 0x22, 0x22, 0x22, 0x22, 0x22, 0x22, 0x22, 0x22, 0x00, 0x01, 0x22, 0x22, 
    0x22, 0x21, 0x10, 0x22, 0x22, 0x22, 0x22, 0x22, 0x21, 0x00, 0x10, 0x01, 0x22, 0x22, 0x21, 0x00, 
    0x10, 0x02, 0x22, 0x22, 0x22, 0x22, 0x22, 0x50, 0x10, 0x02, 0x22, 0x21, 0x22, 0x10, 0x01, 0x12, 
    0x22, 0x22, 0x21, 0x00, 0x02, 0x22, 0x22, 0x22, 0x22, 0x22, 0x22, 0x22, 0x22, 0x22, 0x22, 0x22, 
    0x22, 0x22, 0x22, 0x22, 0x22, 0x22, 0x22, 0x20, 0x11, 0x11, 0x11, 0x10, 0x25, 0x21, 0x00, 0x12, 
    0x22, 0x12, 0x01, 0x11, 0x11, 0x11, 0x10, 0x10, 0x10, 0x15, 0x11, 0x11, 0x11, 0x11, 0x11, 0x11, 
    0x11, 0x11, 0x15, 0x01, 0x10, 0x00, 0x06, 0x00, 0x00, 0x11, 0x11, 0x11, 0x60, 0x05, 0x60, 0x00, 
    0x00, 0x11, 0x01, 0x11, 0x11, 0x11, 0x10, 0x11, 0x11, 0x00, 0x22, 0x22, 0x22, 0x22, 0x22, 0x22, 
    0x22, 0x22, 0x21, 0x10, 0x00, 0x01, 0x22, 0x22, 0x22, 0x21, 0x00, 0x22, 0x22, 0x22, 0x22, 0x22, 
    0x21, 0x00, 0x10, 0x02, 0x22, 0x22, 0x22, 0x00, 0x10, 0x01, 0x22, 0x12, 0x22, 0x22, 0x22, 0x10, 
    0x10, 0x01, 0x22, 0x22, 0x22, 0x11, 0x00, 0x12, 0x22, 0x22, 0x11, 0x00, 0x01, 0x22, 0x22, 0x22, 
    0x22, 0x22, 0x22, 0x22, 0x22, 0x22, 0x22, 0x22, 0x22, 0x22, 0x22, 0x22, 0x22, 0x22, 0x22, 0x20, 
    0x01, 0x11, 0x10, 0x31, 0x52, 0x11, 0x00, 0x22, 0x22, 0x20, 0x01, 0x11, 0x11, 0x11, 0x11, 0x11, 
    0x11, 0x11, 0x11, 0x11, 0x11, 0x11, 0x11, 0x11, 0x11, 0x11, 0x11, 0x10, 0x01, 0x10, 0x00, 0x00, 
    0x50, 0x01, 0x11, 0x13, 0x00, 0x00, 0x00, 0x01, 0x10, 0x10, 0x11, 0x11, 0x11, 0x11, 0x10, 0x11, 
    0x11, 0x00, 0x22, 0x22, 0x22, 0x22, 0x22, 0x22, 0x22, 0x22, 0x20, 0x00, 0x10, 0x01, 0x22, 0x22, 
    0x22, 0x21, 0x00, 0x22, 0x22, 0x22, 0x22, 0x22, 0x10, 0x00, 0x11, 0x05, 0x12, 0x22, 0x22, 0x01, 
    0x10, 0x01, 0x22, 0x22, 0x21, 0x22, 0x12, 0x20, 0x00, 0x12, 0x22, 0x12, 0x22, 0x10, 0x00, 0x11, 
    0x12, 0x21, 0x20, 0x00, 0x01, 0x22, 0x22, 0x22, 0x22, 0x22, 0x22, 0x22, 0x22, 0x22, 0x22, 0x22, 
    0x22, 0x22, 0x22, 0x22, 0x22, 0x22, 0x22, 0x10, 0x01, 0x12, 0x51, 0x61, 0x31, 0x01, 0x10, 0x01, 
    0x22, 0x10, 0x01, 0x11, 0x11, 0x11, 0x11, 0x11, 0x11, 0x11, 0x11, 0x11, 0x11, 0x11, 0x11, 0x11, 
    0x11, 0x11, 0x11, 0x11, 0x10, 0x01, 0x10, 0x10, 0x00, 0x00, 0x00, 0x00, 0x00, 0x01, 0x01, 0x10, 
    0x10, 0x11, 0x11, 0x11, 0x11, 0x11, 0x00, 0x11, 0x11, 0x00, 0x22, 0x22, 0x22, 0x22, 0x22, 0x22, 
    0x22, 0x22, 0x20, 0x00, 0x10, 0x01, 0x22, 0x22, 0x22, 0x22, 0x00, 0x12, 0x22, 0x22, 0x22, 0x21, 
    0x20, 0x00, 0x11, 0x00, 0x12, 0x22, 0x21, 0x01, 0x12, 0x00, 0x12, 0x22, 0x22, 0x22, 0x22, 0x10, 
    0x01, 0x11, 0x22, 0x22, 0x22, 0x10, 0x00, 0x00, 0x05, 0x11, 0x00, 0x10, 0x01, 0x22, 0x22, 0x22, 
    0x22, 0x22, 0x22, 0x22, 0x22, 0x22, 0x22, 0x22, 0x22, 0x22, 0x22, 0x22, 0x22, 0x22, 0x22, 0x22, 
    0x05, 0x10, 0x13, 0x15, 0x16, 0x53, 0x11, 0x00, 0x12, 0x20, 0x01, 0x11, 0x11, 0x11, 0x11, 0x11, 
    0x11, 0x11, 0x11, 0x11, 0x11, 0x11, 0x11, 0x11, 0x11, 0x11, 0x11, 0x11, 0x11, 0x16, 0x50, 0x11, 
    0x01, 0x01, 0x01, 0x10, 0x11, 0x01, 0x00, 0x01, 0x11, 0x11, 0x11, 0x11, 0x11, 0x11, 0x00, 0x11, 
    0x21, 0x50, 0x12, 0x22, 0x22, 0x22, 0x22, 0x22, 0x22, 0x22, 0x22, 0x22, 0x11, 0x01, 0x22, 0x22, 
    0x22, 0x21, 0x00, 0x11, 0x22, 0x22, 0x22, 0x21, 0x00, 0x01, 0x21, 0x00, 0x22, 0x22, 0x11, 0x02, 
    0x21, 0x00, 0x11, 0x22, 0x12, 0x22, 0x21, 0x20, 0x00, 0x01, 0x12, 0x22, 0x21, 0x10, 0x01, 0x00, 
    0x00, 0x00, 0x00, 0x10, 0x01, 0x12, 0x22, 0x22, 0x22, 0x22, 0x22, 0x22, 0x22, 0x22, 0x22, 0x22, 
    0x22, 0x22, 0x22, 0x22, 0x22, 0x22, 0x22, 0x21, 0x00, 0x11, 0x31, 0x01, 0x35, 0x21, 0x11, 0x10, 
    0x01, 0x10, 0x01, 0x11, 0x11, 0x11, 0x11, 0x11, 0x11, 0x11, 0x11, 0x11, 0x11, 0x11, 0x11, 0x11, 
    0x11, 0x11, 0x11, 0x11, 0x11, 0x11, 0x11, 0x10, 0x10, 0x11, 0x00, 0x60, 0x10, 0x11, 0x11, 0x11, 
    0x11, 0x11, 0x11, 0x11, 0x11, 0x11, 0x05, 0x11, 0x11, 0x10, 0x22, 0x22, 0x22, 0x22, 0x22, 0x22, 
    0x22, 0x22, 0x22, 0x22, 0x22, 0x00, 0x22, 0x22, 0x22, 0x22, 0x00, 0x12, 0x22, 0x22, 0x22, 0x21, 
    0x00, 0x02, 0x22, 0x10, 0x01, 0x22, 0x10, 0x01, 0x22, 0x00, 0x01, 0x22, 0x22, 0x22, 0x11, 0x00, 
    0x10, 0x01, 0x21, 0x11, 0x12, 0x00, 0x11, 0x11, 0x21, 0x21, 0x12, 0x11, 0x03, 0x12, 0x22, 0x22, 
    0x22, 0x22, 0x22, 0x22, 0x22, 0x22, 0x22, 0x22, 0x22, 0x22, 0x22, 0x22, 0x22, 0x22, 0x22, 0x22, 
    0x10, 0x01, 0x61, 0x10, 0x12, 0x11, 0x11, 0x10, 0x06, 0x10, 0x01, 0x11, 0x11, 0x11, 0x11, 0x11, 
    0x11, 0x11, 0x11, 0x11, 0x11, 0x11, 0x11, 0x11, 0x11, 0x11, 0x11, 0x11, 0x11, 0x11, 0x11, 0x11, 
    0x11, 0x11, 0x11, 0x11, 0x11, 0x11, 0x11, 0x11, 0x11, 0x11, 0x11, 0x11, 0x11, 0x11, 0x01, 0x11, 
    0x11, 0x00, 0x12, 0x22, 0x22, 0x22, 0x22, 0x22, 0x22, 0x22, 0x22, 0x22, 0x21, 0x00, 0x12, 0x22, 
    0x22, 0x21, 0x10, 0x12, 0x22, 0x22, 0x22, 0x10, 0x00, 0x02, 0x22, 0x10, 0x02, 0x12, 0x10, 0x01, 
    0x22, 0x10, 0x02, 0x12, 0x22, 0x21, 0x20, 0x01, 0x11, 0x00, 0x00, 0x00, 0x00, 0x02, 0x22, 0x22, 
    0x22, 0x22, 0x22, 0x21, 0x00, 0x22, 0x22, 0x22, 0x22, 0x22, 0x22, 0x22, 0x22, 0x22, 0x22, 0x22, 
    0x22, 0x22, 0x22, 0x22, 0x22, 0x22, 0x22, 0x22, 0x10, 0x01, 0x10, 0x10, 0x11, 0x11, 0x11, 0x11, 
    0x00, 0x10, 0x01, 0x11, 0x11, 0x11, 0x11, 0x11, 0x11, 0x11, 0x11, 0x11, 0x11, 0x11, 0x11, 0x11, 
    0x11, 0x11, 0x11, 0x11, 0x11, 0x11, 0x11, 0x11, 0x11, 0x11, 0x11, 0x11, 0x11, 0x11, 0x11, 0x11, 
    0x11, 0x11, 0x11, 0x11, 0x11, 0x10, 0x01, 0x11, 0x11, 0x10, 0x22, 0x22, 0x22, 0x22, 0x22, 0x22, 
    0x22, 0x22, 0x22, 0x22, 0x21, 0x00, 0x12, 0x22, 0x22, 0x22, 0x10, 0x01, 0x22, 0x22, 0x21, 0x20, 
    0x00, 0x01, 0x22, 0x21, 0x00, 0x11, 0x20, 0x02, 0x22, 0x21, 0x00, 0x01, 0x11, 0x15, 0x00, 0x01, 
    0x22, 0x10, 0x00, 0x00, 0x00, 0x12, 0x22, 0x22, 0x22, 0x22, 0x22, 0x21, 0x00, 0x22, 0x22, 0x22, 
    0x22, 0x22, 0x22, 0x22, 0x22, 0x22, 0x22, 0x22, 0x22, 0x22, 0x22, 0x22, 0x22, 0x22, 0x22, 0x22, 
    0x22, 0x00, 0x13, 0x52, 0x11, 0x11, 0x21, 0x11, 0x10, 0x00, 0x01, 0x11, 0x11, 0x11, 0x11, 0x11, 
    0x11, 0x11, 0x11, 0x11, 0x11, 0x11, 0x11, 0x11, 0x11, 0x11, 0x11, 0x11, 0x11, 0x11, 0x11, 0x11, 
    0x11, 0x11, 0x11, 0x11, 0x11, 0x11, 0x11, 0x11, 0x11, 0x11, 0x11, 0x11, 0x11, 0x10, 0x01, 0x11, 
    0x11, 0x00, 0x22, 0x22, 0x22, 0x22, 0x22, 0x22, 0x22, 0x22, 0x22, 0x22, 0x22, 0x10, 0x22, 0x22, 
    0x22, 0x22, 0x10, 0x01, 0x22, 0x22, 0x21, 0x00, 0x00, 0x12, 0x22, 0x21, 0x00, 0x01, 0x00, 0x12, 
    0x22, 0x22, 0x10, 0x00, 0x00, 0x00, 0x01, 0x22, 0x22, 0x22, 0x11, 0x21, 0x12, 0x22, 0x22, 0x22, 
    0x22, 0x22, 0x22, 0x21, 0x00, 0x22, 0x22, 0x22, 0x22, 0x22, 0x22, 0x22, 0x22, 0x22, 0x22, 0x22, 
    0x22, 0x22, 0x22, 0x22, 0x22, 0x22, 0x22, 0x22, 0x21, 0x10, 0x51, 0x11, 0x11, 0x15, 0x11, 0x10, 
    0x11, 0x50, 0x01, 0x11, 0x11, 0x11, 0x11, 0x11, 0x11, 0x11, 0x11, 0x11, 0x11, 0x00, 0x11, 0x11, 
    0x11, 0x11, 0x11, 0x11, 0x11, 0x11, 0x11, 0x11, 0x11, 0x11, 0x11, 0x11, 0x11, 0x11, 0x11, 0x11, 
    0x11, 0x11, 0x11, 0x11, 0x11, 0x10, 0x01, 0x11, 0x11, 0x00, 0x22, 0x22, 0x22, 0x22, 0x22, 0x22, 
    0x22, 0x22, 0x22, 0x22, 0x22, 0x20, 0x51, 0x22, 0x22, 0x22, 0x21, 0x00, 0x12, 0x22, 0x10, 0x00, 
    0x00, 0x12, 0x22, 0x22, 0x10, 0x00, 0x00, 0x22, 0x22, 0x22, 0x21, 0x10, 0x00, 0x01, 0x22, 0x22, 
    0x22, 0x22, 0x22, 0x22, 0x22, 0x22, 0x22, 0x22, 0x22, 0x22, 0x22, 0x22, 0x00, 0x12, 0x22, 0x22, 
    0x22, 0x22, 0x22, 0x22, 0x22, 0x22, 0x22, 0x22, 0x22, 0x22, 0x22, 0x22, 0x22, 0x22, 0x22, 0x22, 
    0x22, 0x10, 0x01, 0x11, 0x11, 0x21, 0x11, 0x10, 0x12, 0x10, 0x01, 0x11, 0x11, 0x11, 0x11, 0x11, 
    0x11, 0x11, 0x11, 0x11, 0x11, 0x50, 0x11, 0x11, 0x11, 0x11, 0x11, 0x11, 0x11, 0x11, 0x10, 0x11, 
    0x11, 0x11, 0x11, 0x11, 0x11, 0x10, 0x11, 0x11, 0x11, 0x11, 0x11, 0x11, 0x11, 0x10, 0x11, 0x11, 
    0x11, 0x00, 0x12, 0x22, 0x22, 0x22, 0x22, 0x22, 0x22, 0x22, 0x22, 0x22, 0x22, 0x10, 0x02, 0x22, 
    0x22, 0x22, 0x22, 0x00, 0x21, 0x12, 0x00, 0x00, 0x52, 0x22, 0x22, 0x22, 0x22, 0x10, 0x01, 0x22, 
    0x22, 0x22, 0x22, 0x22, 0x12, 0x12, 0x22, 0x22, 0x22, 0x22, 0x22, 0x22, 0x22, 0x22, 0x22, 0x22, 
    0x22, 0x22, 0x22, 0x22, 0x10, 0x52, 0x22, 0x22, 0x22, 0x22, 0x22, 0x22, 0x22, 0x22, 0x22, 0x22, 
    0x22, 0x22, 0x22, 0x22, 0x22, 0x22, 0x22, 0x22, 0x22, 0x21, 0x00, 0x11, 0x11, 0x11, 0x11, 0x01, 
    0x31, 0x10, 0x01, 0x11, 0x11, 0x11, 0x11, 0x11, 0x11, 0x11, 0x11, 0x11, 0x11, 0x10, 0x11, 0x11, 
    0x11, 0x11, 0x11, 0x11, 0x11, 0x11, 0x10, 0x11, 0x11, 0x11, 0x11, 0x11, 0x11, 0x00, 0x11, 0x11, 
    0x11, 0x11, 0x11, 0x11, 0x11, 0x00, 0x11, 0x11, 0x11, 0x00, 0x22, 0x22, 0x22, 0x22, 0x22, 0x22, 
    0x22, 0x22, 0x22, 0x22, 0x22, 0x20, 0x00, 0x12, 0x22, 0x22, 0x22, 0x10, 0x00, 0x00, 0x00, 0x00, 
    0x12, 0x22, 0x22, 0x22, 0x22, 0x22, 0x22, 0x22, 0x22, 0x22, 0x22, 0x22, 0x22, 0x22, 0x22, 0x22, 
    0x22, 0x22, 0x22, 0x22, 0x22, 0x22, 0x22, 0x22, 0x22, 0x22, 0x22, 0x22, 0x10, 0x01, 0x22, 0x22, 
    0x22, 0x22, 0x22, 0x22, 0x22, 0x22, 0x22, 0x22, 0x22, 0x22, 0x22, 0x22, 0x22, 0x22, 0x22, 0x22, 
    0x22, 0x22, 0x10, 0x01, 0x11, 0x31, 0x10, 0x13, 0x10, 0x10, 0x01, 0x11, 0x11, 0x11, 0x11, 0x11, 
    0x11, 0x11, 0x11, 0x11, 0x11, 0x10, 0x11, 0x11, 0x11, 0x11, 0x11, 0x11, 0x11, 0x11, 0x10, 0x11, 
    0x11, 0x11, 0x11, 0x11, 0x11, 0x00, 0x11, 0x11, 0x11, 0x11, 0x11, 0x11, 0x11, 0x00, 0x11, 0x11, 
    0x15, 0x02, 0x22, 0x22, 0x22, 0x22, 0x22, 0x22, 0x22, 0x22, 0x22, 0x22, 0x22, 0x21, 0x00, 0x12, 
    0x22, 0x22, 0x22, 0x21, 0x00, 0x05, 0x00, 0x51, 0x22, 0x22, 0x22, 0x22, 0x22, 0x22, 0x22, 0x22, 
    0x22, 0x22, 0x22, 0x22, 0x22, 0x22, 0x22, 0x22, 0x22, 0x22, 0x22, 0x22, 0x22, 0x22, 0x22, 0x21, 
    0x22, 0x22, 0x22, 0x22, 0x10, 0x01, 0x22, 0x22, 0x22, 0x22, 0x22, 0x22, 0x22, 0x22, 0x22, 0x22, 
    0x22, 0x22, 0x22, 0x22, 0x22, 0x22, 0x22, 0x22, 0x22, 0x22, 0x21, 0x00, 0x11, 0x11, 0x10, 0x16, 
    0x51, 0x11, 0x01, 0x11, 0x11, 0x11, 0x11, 0x11, 0x11, 0x11, 0x11, 0x11, 0x11, 0x10, 0x01, 0x11, 
    0x11, 0x11, 0x11, 0x11, 0x11, 0x11, 0x10, 0x01, 0x11, 0x11, 0x11, 0x11, 0x11, 0x00, 0x11, 0x11, 
    0x11, 0x11, 0x11, 0x11, 0x11, 0x00, 0x11, 0x11, 0x10, 0x02, 0x22, 0x22, 0x22, 0x22, 0x22, 0x22, 
    0x22, 0x22, 0x22, 0x22, 0x22, 0x22, 0x10, 0x01, 0x22, 0x22, 0x22, 0x21, 0x11, 0x10, 0x00, 0x12, 
    0x22, 0x22, 0x22, 0x22, 0x22, 0x22, 0x22, 0x22, 0x22, 0x22, 0x22, 0x22, 0x22, 0x22, 0x22, 0x22, 
    0x22, 0x22, 0x22, 0x22, 0x22, 0x21, 0x21, 0x22, 0x22, 0x22, 0x12, 0x22, 0x10, 0x02, 0x22, 0x22, 
    0x22, 0x22, 0x22, 0x22, 0x22, 0x22, 0x22, 0x22, 0x22, 0x22, 0x22, 0x22, 0x22, 0x22, 0x22, 0x22, 
    0x22, 0x22, 0x21, 0x20, 0x01, 0x11, 0x01, 0x31, 0x36, 0x11, 0x00, 0x11, 0x11, 0x11, 0x11, 0x11, 
    0x11, 0x11, 0x11, 0x11, 0x11, 0x10, 0x01, 0x11, 0x11, 0x11, 0x11, 0x11, 0x11, 0x11, 0x10, 0x01, 
    0x11, 0x11, 0x11, 0x11, 0x11, 0x01, 0x11, 0x11, 0x11, 0x11, 0x11, 0x11, 0x10, 0x01, 0x11, 0x11, 
    0x10, 0x01, 0x22, 0x22, 0x22, 0x22, 0x22, 0x22, 0x22, 0x22, 0x22, 0x22, 0x22, 0x22, 0x10, 0x05, 
    0x21, 0x22, 0x22, 0x21, 0x20, 0x00, 0x22, 0x22, 0x22, 0x22, 0x22, 0x22, 0x22, 0x22, 0x22, 0x22, 
    0x22, 0x22, 0x22, 0x22, 0x22, 0x22, 0x22, 0x22, 0x22, 0x22, 0x22, 0x22, 0x21, 0x20, 0x00, 0x01, 
    0x22, 0x22, 0x22, 0x22, 0x20, 0x01, 0x22, 0x22, 0x22, 0x22, 0x22, 0x22, 0x22, 0x22, 0x22, 0x22, 
    0x22, 0x22, 0x22, 0x22, 0x22, 0x22, 0x22, 0x22, 0x22, 0x22, 0x22, 0x11, 0x00, 0x11, 0x25, 0x16, 
    0x51, 0x11, 0x00, 0x11, 0x11, 0x11, 0x11, 0x11, 0x11, 0x11, 0x11, 0x11, 0x11, 0x11, 0x01, 0x11, 
    0x11, 0x11, 0x11, 0x11, 0x11, 0x11, 0x11, 0x01, 0x11, 0x11, 0x11, 0x11, 0x10, 0x01, 0x11, 0x11, 
    0x11, 0x11, 0x11, 0x11, 0x15, 0x01, 0x11, 0x11, 0x00, 0x22, 0x22, 0x22, 0x22, 0x22, 0x22, 0x22, 
    0x22, 0x22, 0x22, 0x22, 0x22, 0x22, 0x21, 0x00, 0x02, 0x11, 0x11, 0x10, 0x00, 0x01, 0x12, 0x22, 
    0x22, 0x22, 0x22, 0x22, 0x22, 0x22, 0x22, 0x22, 0x22, 0x22, 0x22, 0x22, 0x22, 0x22, 0x22, 0x22, 
    0x22, 0x22, 0x22, 0x22, 0x11, 0x00, 0x00, 0x01, 0x22, 0x22, 0x22, 0x22, 0x10, 0x02, 0x22, 0x22, 
    0x22, 0x22, 0x22, 0x22, 0x22, 0x22, 0x22, 0x22, 0x22, 0x22, 0x22, 0x22, 0x22, 0x22, 0x22, 0x22, 
    0x22, 0x22, 0x22, 0x22, 0x10, 0x00, 0x11, 0x31, 0x31, 0x11, 0x00, 0x11, 0x11, 0x11, 0x11, 0x11, 
    0x11, 0x11, 0x11, 0x11, 0x11, 0x11, 0x00, 0x11, 0x11, 0x11, 0x11, 0x11, 0x11, 0x11, 0x11, 0x00, 
    0x11, 0x11, 0x11, 0x11, 0x10, 0x01, 0x11, 0x11, 0x11, 0x11, 0x11, 0x11, 0x10, 0x01, 0x11, 0x11, 
    0x00, 0x22, 0x22, 0x22, 0x22, 0x22, 0x22, 0x22, 0x22, 0x22, 0x22, 0x22, 0x22, 0x22, 0x22, 0x10, 
    0x00, 0x00, 0x00, 0x00, 0x01, 0x12, 0x22, 0x22, 0x22, 0x22, 0x22, 0x22, 0x22, 0x22, 0x22, 0x22, 
    0x22, 0x22, 0x22, 0x22, 0x22, 0x22, 0x22, 0x22, 0x22, 0x22, 0x12, 0x22, 0x10, 0x01, 0x11, 0x02, 
    0x22, 0x22, 0x22, 0x22, 0x20, 0x01, 0x22, 0x22, 0x22, 0x22, 0x22, 0x22, 0x22, 0x22, 0x22, 0x22, 
    0x22, 0x22, 0x22, 0x22, 0x22, 0x22, 0x22, 0x22, 0x22, 0x22, 0x22, 0x22, 0x21, 0x00, 0x01, 0x11, 
    0x11, 0x11, 0x10, 0x01, 0x11, 0x11, 0x11, 0x11, 0x11, 0x11, 0x11, 0x11, 0x11, 0x11, 0x00, 0x11, 
    0x11, 0x11, 0x11, 0x11, 0x11, 0x11, 0x11, 0x00, 0x11, 0x11, 0x11, 0x11, 0x10, 0x01, 0x11, 0x11, 
    0x11, 0x11, 0x11, 0x11, 0x10, 0x01, 0x11, 0x10, 0x02, 0x22, 0x22, 0x22, 0x22, 0x22, 0x22, 0x22, 
    0x22, 0x22, 0x22, 0x22, 0x22, 0x22, 0x22, 0x22, 0x10, 0x00, 0x50, 0x22, 0x12, 0x22, 0x22, 0x22, 
    0x22, 0x22, 0x22, 0x22, 0x22, 0x22, 0x22, 0x22, 0x22, 0x22, 0x22, 0x22, 0x22, 0x22, 0x22, 0x22, 
    0x22, 0x22, 0x22, 0x22, 0x00, 0x01, 0x10, 0x02, 0x22, 0x22, 0x22, 0x22, 0x10, 0x01, 0x22, 0x22, 
    0x22, 0x22, 0x22, 0x22, 0x22, 0x22, 0x22, 0x22, 0x22, 0x22, 0x22, 0x22, 0x22, 0x22, 0x22, 0x22, 
    0x22, 0x22, 0x22, 0x22, 0x22, 0x11, 0x00, 0x05, 0x11, 0x11, 0x10, 0x01, 0x11, 0x11, 0x11, 0x11, 
    0x11, 0x11, 0x11, 0x11, 0x11, 0x11, 0x00, 0x11, 0x11, 0x11, 0x11, 0x11, 0x11, 0x11, 0x11, 0x00, 
    0x11, 0x11, 0x11, 0x11, 0x10, 0x11, 0x11, 0x11, 0x11, 0x11, 0x11, 0x11, 0x10, 0x11, 0x11, 0x00, 
    0x11, 0x22, 0x22, 0x22, 0x22, 0x22, 0x22, 0x22, 0x22, 0x22, 0x22, 0x22, 0x22, 0x22, 0x22, 0x22, 
    0x22, 0x12, 0x22, 0x22, 0x22, 0x22, 0x22, 0x22, 0x22, 0x22, 0x22, 0x22, 0x22, 0x22, 0x22, 0x22, 
    0x22, 0x22, 0x22, 0x22, 0x22, 0x22, 0x22, 0x22, 0x22, 0x22, 0x22, 0x21, 0x50, 0x11, 0x10, 0x02, 
    0x22, 0x22, 0x22, 0x22, 0x20, 0x01, 0x22, 0x22, 0x22, 0x22, 0x22, 0x22, 0x22, 0x22, 0x22, 0x22, 
    0x22, 0x22, 0x22, 0x22, 0x22, 0x22, 0x22, 0x22, 0x22, 0x22, 0x22, 0x22, 0x22, 0x22, 0x25, 0x00, 
    0x06, 0x11, 0x11, 0x00, 0x11, 0x11, 0x11, 0x11, 0x11, 0x11, 0x11, 0x11, 0x11, 0x11, 0x10, 0x11, 
    0x11, 0x11, 0x11, 0x11, 0x11, 0x11, 0x11, 0x10, 0x11, 0x11, 0x11, 0x11, 0x00, 0x11, 0x11, 0x11, 
    0x11, 0x11, 0x11, 0x11, 0x00, 0x11, 0x10, 0x00, 0x12, 0x22, 0x22, 0x22, 0x22, 0x22, 0x22, 0x22, 
    0x22, 0x22, 0x22, 0x22, 0x22, 0x22, 0x22, 0x22, 0x22, 0x22, 0x22, 0x22, 0x22, 0x22, 0x22, 0x22, 
    0x22, 0x22, 0x22, 0x22, 0x22, 0x22, 0x22, 0x22, 0x22, 0x22, 0x22, 0x22, 0x22, 0x22, 0x22, 0x22, 
    0x22, 0x22, 0x22, 0x22, 0x00, 0x12, 0x22, 0x21, 0x22, 0x22, 0x22, 0x22, 0x10, 0x01, 0x22, 0x22, 
    0x22, 0x22, 0x22, 0x22, 0x22, 0x22, 0x22, 0x22, 0x22, 0x22, 0x22, 0x22, 0x22, 0x22, 0x22, 0x22, 
    0x22, 0x22, 0x22, 0x22, 0x22, 0x22, 0x21, 0x25, 0x00, 0x00, 0x11, 0x00, 0x11, 0x11, 0x11, 0x11, 
    0x11, 0x11, 0x11, 0x11, 0x11, 0x11, 0x10, 0x01, 0x11, 0x11, 0x11, 0x11, 0x11, 0x11, 0x11, 0x10, 
    0x01, 0x11, 0x11, 0x11, 0x00, 0x11, 0x11, 0x11, 0x11, 0x11, 0x11, 0x11, 0x00, 0x10, 0x00, 0x00, 
    0x00, 0x51, 0x22, 0x22, 0x22, 0x22, 0x22, 0x22, 0x22, 0x22, 0x22, 0x22, 0x22, 0x22, 0x22, 0x22, 
    0x22, 0x22, 0x22, 0x22, 0x22, 0x22, 0x22, 0x22, 0x22, 0x22, 0x22, 0x22, 0x22, 0x22, 0x22, 0x22, 
    0x22, 0x22, 0x22, 0x22, 0x22, 0x22, 0x22, 0x22, 0x22, 0x22, 0x22, 0x21, 0x00, 0x12, 0x22, 0x22, 
    0x22, 0x22, 0x22, 0x21, 0x00, 0x22, 0x22, 0x22, 0x22, 0x22, 0x22, 0x22, 0x22, 0x22, 0x22, 0x22, 
    0x22, 0x22, 0x22, 0x22, 0x22, 0x22, 0x22, 0x22, 0x22, 0x22, 0x22, 0x22, 0x22, 0x22, 0x22, 0x22, 
    0x12, 0x00, 0x00, 0x00, 0x01, 0x11, 0x11, 0x11, 0x11, 0x11, 0x11, 0x11, 0x11, 0x11, 0x15, 0x01, 
    0x11, 0x11, 0x11, 0x11, 0x11, 0x11, 0x11, 0x10, 0x01, 0x11, 0x11, 0x11, 0x00, 0x11, 0x11, 0x11, 
    0x11, 0x11, 0x11, 0x11, 0x00, 0x11, 0x11, 0x11, 0x10, 0x00, 0x22, 0x22, 0x22, 0x22, 0x22, 0x22, 
    0x22, 0x22, 0x22, 0x22, 0x22, 0x22, 0x22, 0x22, 0x22, 0x22, 0x22, 0x22, 0x22, 0x22, 0x22, 0x22, 
    0x22, 0x22, 0x22, 0x22, 0x22, 0x22, 0x22, 0x22, 0x22, 0x22, 0x22, 0x22, 0x22, 0x22, 0x22, 0x22, 
    0x22, 0x22, 0x22, 0x21, 0x00, 0x12, 0x22, 0x22, 0x22, 0x22, 0x21, 0x21, 0x00, 0x22, 0x22, 0x22, 
    0x22, 0x22, 0x22, 0x22, 0x22, 0x22, 0x22, 0x22, 0x22, 0x22, 0x22, 0x22, 0x22, 0x22, 0x22, 0x22, 
    0x22, 0x22, 0x22, 0x22, 0x22, 0x22, 0x22, 0x22, 0x22, 0x11, 0x20, 0x50, 0x00, 0x11, 0x11, 0x11, 
    0x11, 0x11, 0x11, 0x11, 0x11, 0x11, 0x11, 0x01, 0x11, 0x11, 0x11, 0x11, 0x11, 0x11, 0x11, 0x11, 
    0x01, 0x11, 0x11, 0x11, 0x00, 0x11, 0x11, 0x11, 0x11, 0x11, 0x11, 0x10, 0x01, 0x11, 0x11, 0x11, 
    0x11, 0x00, 0x12, 0x22, 0x22, 0x22, 0x22, 0x22, 0x22, 0x22, 0x22, 0x22, 0x22, 0x22, 0x22, 0x22, 
    0x22, 0x22, 0x22, 0x22, 0x22, 0x22, 0x22, 0x22, 0x22, 0x22, 0x22, 0x22, 0x22, 0x22, 0x22, 0x22, 
    0x22, 0x22, 0x22, 0x22, 0x22, 0x22, 0x22, 0x22, 0x22, 0x22, 0x22, 0x21, 0x00, 0x22, 0x22, 0x22, 
    0x22, 0x22, 0x22, 0x10, 0x01, 0x22, 0x22, 0x22, 0x22, 0x22, 0x22, 0x22, 0x22, 0x22, 0x22, 0x22, 
    0x22, 0x22, 0x22, 0x22, 0x22, 0x22, 0x22, 0x22, 0x22, 0x22, 0x22, 0x22, 0x22, 0x22, 0x22, 0x22, 
    0x22, 0x22, 0x21, 0x21, 0x00, 0x01, 0x11, 0x11, 0x11, 0x15, 0x00, 0x00, 0x00, 0x00, 0x01, 0x00, 
    0x11, 0x11, 0x11, 0x11, 0x11, 0x11, 0x11, 0x11, 0x00, 0x11, 0x11, 0x11, 0x01, 0x11, 0x11, 0x11, 
    0x11, 0x11, 0x11, 0x10, 0x01, 0x11, 0x11, 0x11, 0x11, 0x10, 0x01, 0x22, 0x22, 0x22, 0x22, 0x22, 
    0x22, 0x22, 0x22, 0x22, 0x22, 0x22, 0x22, 0x22, 0x22, 0x22, 0x22, 0x22, 0x22, 0x22, 0x22, 0x22, 
    0x22, 0x22, 0x22, 0x22, 0x22, 0x22, 0x22, 0x22, 0x22, 0x22, 0x22, 0x22, 0x22, 0x22, 0x22, 0x22, 
    0x22, 0x22, 0x22, 0x22, 0x10, 0x02, 0x22, 0x22, 0x22, 0x22, 0x11, 0x00, 0x02, 0x22, 0x22, 0x22, 
    0x22, 0x22, 0x22, 0x22, 0x22, 0x22, 0x22, 0x22, 0x22, 0x22, 0x22, 0x22, 0x22, 0x22, 0x22, 0x22, 
    0x22, 0x22, 0x22, 0x22, 0x22, 0x22, 0x22, 0x22, 0x22, 0x22, 0x22, 0x22, 0x10, 0x00, 0x11, 0x11, 
    0x10, 0x00, 0x00, 0x00, 0x10, 0x00, 0x00, 0x00, 0x01, 0x11, 0x11, 0x11, 0x11, 0x11, 0x11, 0x11, 
    0x00, 0x01, 0x11, 0x10, 0x01, 0x11, 0x11, 0x11, 0x11, 0x11, 0x11, 0x10, 0x00, 0x11, 0x11, 0x11, 
    0x11, 0x10, 0x02, 0x22, 0x22, 0x22, 0x22, 0x22, 0x22, 0x22, 0x22, 0x22, 0x22, 0x22, 0x22, 0x22, 
    0x22, 0x22, 0x22, 0x22, 0x22, 0x22, 0x22, 0x22, 0x22, 0x22, 0x22, 0x22, 0x22, 0x22, 0x22, 0x22, 
    0x22, 0x22, 0x22, 0x22, 0x22, 0x22, 0x22, 0x22, 0x22, 0x22, 0x22, 0x22, 0x22, 0x00, 0x11, 0x22, 
    0x22, 0x21, 0x00, 0x00, 0x12, 0x22, 0x22, 0x22, 0x22, 0x22, 0x22, 0x22, 0x22, 0x22, 0x22, 0x22, 
    0x22, 0x22, 0x22, 0x22, 0x22, 0x22, 0x22, 0x22, 0x22, 0x22, 0x22, 0x22, 0x22, 0x22, 0x22, 0x22, 
    0x22, 0x22, 0x22, 0x22, 0x21, 0x00, 0x01, 0x11, 0x11, 0x11, 0x11, 0x11, 0x11, 0x11, 0x11, 0x10, 
    0x01, 0x11, 0x11, 0x11, 0x11, 0x11, 0x11, 0x11, 0x10, 0x00, 0x11, 0x10, 0x01, 0x11, 0x11, 0x11, 
    0x11, 0x11, 0x11, 0x11, 0x10, 0x01, 0x11, 0x10, 0x11, 0x11, 0x02, 0x22, 0x22, 0x22, 0x22, 0x22, 
    0x22, 0x22, 0x22, 0x22, 0x22, 0x22, 0x22, 0x22, 0x22, 0x22, 0x22, 0x22, 0x22, 0x22, 0x22, 0x22, 
    0x22, 0x22, 0x22, 0x22, 0x22, 0x22, 0x22, 0x22, 0x22, 0x22, 0x22, 0x22, 0x22, 0x22, 0x22, 0x22, 
    0x22, 0x22, 0x22, 0x22, 0x21, 0x00, 0x00, 0x11, 0x21, 0x00, 0x00, 0x52, 0x22, 0x22, 0x22, 0x22, 
    0x22, 0x22, 0x22, 0x22, 0x22, 0x22, 0x22, 0x22, 0x22, 0x22, 0x22, 0x22, 0x22, 0x22, 0x22, 0x22, 
    0x22, 0x22, 0x22, 0x22, 0x22, 0x22, 0x22, 0x22, 0x22, 0x22, 0x22, 0x22, 0x20, 0x01, 0x11, 0x11, 
    0x11, 0x11, 0x11, 0x11, 0x11, 0x11, 0x11, 0x10, 0x01, 0x11, 0x11, 0x11, 0x11, 0x11, 0x11, 0x11, 
    0x11, 0x00, 0x51, 0x00, 0x11, 0x11, 0x11, 0x11, 0x11, 0x11, 0x11, 0x11, 0x10, 0x01, 0x11, 0x10, 
    0x01, 0x10, 0x02, 0x22, 0x22, 0x22, 0x22, 0x22, 0x22, 0x22, 0x22, 0x22, 0x22, 0x22, 0x22, 0x22, 
    0x22, 0x22, 0x22, 0x22, 0x22, 0x22, 0x22, 0x22, 0x22, 0x22, 0x22, 0x22, 0x22, 0x22, 0x22, 0x22, 
    0x22, 0x22, 0x22, 0x22, 0x22, 0x22, 0x22, 0x22, 0x22, 0x22, 0x22, 0x22, 0x22, 0x15, 0x00, 0x00, 
    0x00, 0x00, 0x11, 0x22, 0x22, 0x22, 0x22, 0x22, 0x22, 0x22, 0x22, 0x22, 0x22, 0x22, 0x22, 0x22, 
    0x22, 0x22, 0x22, 0x22, 0x22, 0x22, 0x22, 0x22, 0x22, 0x22, 0x22, 0x22, 0x22, 0x22, 0x22, 0x22, 
    0x22, 0x22, 0x22, 0x22, 0x20, 0x01, 0x11, 0x11, 0x11, 0x11, 0x11, 0x11, 0x11, 0x11, 0x11, 0x11, 
    0x00, 0x11, 0x11, 0x11, 0x11, 0x11, 0x11, 0x11, 0x11, 0x10, 0x01, 0x00, 0x11, 0x11, 0x11, 0x11, 
    0x11, 0x11, 0x11, 0x11, 0x11, 0x01, 0x11, 0x10, 0x01, 0x10, 0x01, 0x22, 0x22, 0x22, 0x22, 0x22, 
    0x22, 0x22, 0x22, 0x22, 0x22, 0x22, 0x22, 0x22, 0x22, 0x22, 0x22, 0x22, 0x22, 0x22, 0x22, 0x22, 
    0x22, 0x22, 0x22, 0x22, 0x22, 0x22, 0x22, 0x22, 0x22, 0x22, 0x22, 0x22, 0x22, 0x22, 0x22, 0x22, 
    0x22, 0x22, 0x22, 0x22, 0x22, 0x21, 0x12, 0x10, 0x02, 0x21, 0x22, 0x22, 0x22, 0x22, 0x22, 0x22, 
    0x22, 0x22, 0x22, 0x22, 0x22, 0x22, 0x22, 0x22, 0x22, 0x22, 0x22, 0x22, 0x22, 0x22, 0x22, 0x22, 
    0x22, 0x22, 0x22, 0x22, 0x22, 0x22, 0x22, 0x22, 0x22, 0x22, 0x22, 0x22, 0x10, 0x51, 0x11, 0x11, 
    0x11, 0x11, 0x11, 0x11, 0x11, 0x11, 0x11, 0x11, 0x00, 0x11, 0x11, 0x11, 0x11, 0x11, 0x11, 0x11, 
    0x11, 0x11, 0x01, 0x00, 0x11, 0x11, 0x11, 0x11, 0x11, 0x11, 0x11, 0x11, 0x11, 0x00, 0x11, 0x10, 
    0x61, 0x50, 0x22, 0x22, 0x22, 0x22, 0x22, 0x22, 0x22, 0x22, 0x22, 0x22, 0x22, 0x22, 0x22, 0x22, 
    0x22, 0x22, 0x22, 0x22, 0x22, 0x22, 0x22, 0x22, 0x22, 0x22, 0x22, 0x22, 0x22, 0x22, 0x22, 0x22, 
    0x22, 0x22, 0x22, 0x22, 0x22, 0x22, 0x22, 0x22, 0x22, 0x22, 0x22, 0x22, 0x22, 0x22, 0x22, 0x22, 
    0x12, 0x22, 0x22, 0x22, 0x22, 0x22, 0x22, 0x22, 0x22, 0x22, 0x22, 0x22, 0x22, 0x22, 0x22, 0x22, 
    0x22, 0x22, 0x22, 0x22, 0x22, 0x22, 0x22, 0x22, 0x22, 0x22, 0x22, 0x22, 0x22, 0x22, 0x22, 0x22, 
    0x22, 0x22, 0x22, 0x22, 0x20, 0x01, 0x11, 0x11, 0x11, 0x11, 0x11, 0x11, 0x11, 0x01, 0x11, 0x11, 
    0x01, 0x11, 0x11, 0x11, 0x11, 0x11, 0x11, 0x11, 0x11, 0x11, 0x00, 0x01, 0x11, 0x11, 0x11, 0x21, 
    0x11, 0x10, 0x51, 0x11, 0x11, 0x00, 0x11, 0x10, 0x10, 0x00, 0x22, 0x22, 0x22, 0x22, 0x22, 0x22, 
    0x22, 0x22, 0x22, 0x22, 0x22, 0x22, 0x22, 0x22, 0x22, 0x22, 0x22, 0x22, 0x22, 0x22, 0x22, 0x22, 
    0x22, 0x22, 0x22, 0x22, 0x22, 0x22, 0x22, 0x22, 0x22, 0x22, 0x22, 0x22, 0x22, 0x22, 0x22, 0x22, 
    0x22, 0x22, 0x22, 0x22, 0x22, 0x22, 0x22, 0x22, 0x22, 0x22, 0x22, 0x22, 0x22, 0x22, 0x22, 0x22, 
    0x22, 0x22, 0x22, 0x22, 0x22, 0x22, 0x22, 0x22, 0x22, 0x22, 0x22, 0x22, 0x22, 0x22, 0x22, 0x22, 
    0x22, 0x22, 0x22, 0x22, 0x22, 0x22, 0x22, 0x22, 0x22, 0x22, 0x22, 0x22, 0x22, 0x00, 0x11, 0x11, 
    0x11, 0x11, 0x11, 0x11, 0x11, 0x00, 0x11, 0x10, 0x01, 0x11, 0x11, 0x11, 0x11, 0x11, 0x11, 0x12, 
    0x11, 0x11, 0x00, 0x00, 0x11, 0x11, 0x10, 0x01, 0x11, 0x10, 0x01, 0x11, 0x11, 0x01, 0x11, 0x10, 
    0x00, 0x01, 0x22, 0x22, 0x22, 0x22, 0x22, 0x22, 0x22, 0x22, 0x22, 0x22, 0x22, 0x22, 0x22, 0x22, 
    0x22, 0x22, 0x22, 0x22, 0x22, 0x22, 0x22, 0x22, 0x22, 0x22, 0x22, 0x22, 0x22, 0x22, 0x22, 0x22, 
    0x22, 0x22, 0x22, 0x22, 0x22, 0x22, 0x22, 0x22, 0x22, 0x22, 0x22, 0x22, 0x22, 0x22, 0x22, 0x22, 
    0x22, 0x22, 0x22, 0x22, 0x22, 0x22, 0x22, 0x22, 0x22, 0x22, 0x22, 0x22, 0x22, 0x22, 0x22, 0x22, 
    0x22, 0x22, 0x22, 0x22, 0x22, 0x22, 0x22, 0x22, 0x22, 0x22, 0x22, 0x22, 0x22, 0x22, 0x22, 0x22, 
    0x22, 0x22, 0x22, 0x22, 0x21, 0x20, 0x00, 0x11, 0x11, 0x11, 0x11, 0x11, 0x11, 0x10, 0x11, 0x10, 
    0x01, 0x11, 0x11, 0x11, 0x51, 0x11, 0x11, 0x50, 0x11, 0x11, 0x10, 0x00, 0x11, 0x11, 0x10, 0x51, 
    0x11, 0x10, 0x01, 0x11, 0x10, 0x00, 0x00, 0x00, 0x02, 0x22, 0x22, 0x22, 0x22, 0x22, 0x22, 0x22, 
    0x22, 0x22, 0x22, 0x22, 0x22, 0x22, 0x22, 0x22, 0x22, 0x22, 0x22, 0x22, 0x22, 0x22, 0x22, 0x22, 
    0x22, 0x22, 0x22, 0x22, 0x22, 0x22, 0x22, 0x22, 0x22, 0x22, 0x22, 0x22, 0x22, 0x22, 0x22, 0x22, 
    0x22, 0x22, 0x22, 0x22, 0x22, 0x22, 0x22, 0x22, 0x22, 0x22, 0x22, 0x22, 0x22, 0x22, 0x22, 0x22, 
    0x22, 0x22, 0x22, 0x22, 0x22, 0x22, 0x22, 0x22, 0x22, 0x22, 0x22, 0x22, 0x22, 0x22, 0x22, 0x22, 
    0x22, 0x22, 0x22, 0x22, 0x22, 0x22, 0x22, 0x22, 0x22, 0x22, 0x22, 0x22, 0x22, 0x21, 0x00, 0x00, 
    0x11, 0x11, 0x11, 0x11, 0x11, 0x10, 0x11, 0x11, 0x01, 0x11, 0x11, 0x11, 0x00, 0x11, 0x11, 0x10, 
    0x01, 0x11, 0x00, 0x00, 0x11, 0x11, 0x10, 0x11, 0x11, 0x11, 0x01, 0x11, 0x10, 0x00, 0x02, 0x21, 
    0x22, 0x22, 0x22, 0x22, 0x22, 0x22, 0x22, 0x22, 0x22, 0x22, 0x22, 0x22, 0x22, 0x22, 0x22, 0x22, 
    0x22, 0x22, 0x22, 0x22, 0x22, 0x22, 0x22, 0x22, 0x22, 0x22, 0x22, 0x22, 0x22, 0x22, 0x22, 0x22, 
    0x22, 0x22, 0x22, 0x22, 0x22, 0x22, 0x22, 0x22, 0x22, 0x22, 0x22, 0x22, 0x22, 0x22, 0x22, 0x22, 
    0x22, 0x22, 0x22, 0x22, 0x22, 0x22, 0x22, 0x22, 0x22, 0x22, 0x22, 0x22, 0x22, 0x22, 0x22, 0x22, 
    0x22, 0x22, 0x22, 0x22, 0x22, 0x22, 0x22, 0x22, 0x22, 0x22, 0x22, 0x22, 0x22, 0x22, 0x22, 0x22, 
    0x22, 0x22, 0x22, 0x22, 0x22, 0x22, 0x21, 0x00, 0x00, 0x00, 0x11, 0x11, 0x11, 0x10, 0x11, 0x15, 
    0x06, 0x11, 0x11, 0x11, 0x20, 0x11, 0x11, 0x12, 0x01, 0x11, 0x00, 0x10, 0x01, 0x11, 0x10, 0x11, 
    0x11, 0x10, 0x01, 0x11, 0x00, 0x21, 0x22, 0x22, 0x22, 0x22, 0x22, 0x22, 0x22, 0x22, 0x22, 0x22, 
    0x22, 0x22, 0x22, 0x22, 0x22, 0x22, 0x22, 0x22, 0x22, 0x22, 0x22, 0x22, 0x22, 0x22, 0x22, 0x22, 
    0x22, 0x22, 0x22, 0x22, 0x22, 0x22, 0x22, 0x22, 0x22, 0x22, 0x22, 0x22, 0x22, 0x22, 0x22, 0x22, 
    0x22, 0x22, 0x22, 0x22, 0x22, 0x22, 0x22, 0x22, 0x22, 0x22, 0x22, 0x22, 0x22, 0x22, 0x22, 0x22, 
    0x22, 0x22, 0x22, 0x22, 0x22, 0x22, 0x22, 0x22, 0x22, 0x22, 0x22, 0x22, 0x22, 0x22, 0x22, 0x22, 
    0x22, 0x22, 0x22, 0x22, 0x22, 0x22, 0x22, 0x22, 0x22, 0x22, 0x22, 0x22, 0x22, 0x22, 0x22, 0x22, 
    0x10, 0x00, 0x00, 0x05, 0x21, 0x10, 0x00, 0x00, 0x00, 0x11, 0x11, 0x11, 0x10, 0x11, 0x11, 0x11, 
    0x01, 0x11, 0x00, 0x12, 0x00, 0x51, 0x10, 0x11, 0x11, 0x10, 0x11, 0x00, 0x02, 0x22, 0x22, 0x22, 
    0x22, 0x22, 0x22, 0x22, 0x22, 0x22, 0x22, 0x22, 0x22, 0x22, 0x22, 0x22, 0x22, 0x22, 0x22, 0x22, 
    0x22, 0x22, 0x22, 0x22, 0x22, 0x22, 0x22, 0x22, 0x22, 0x22, 0x22, 0x22, 0x22, 0x22, 0x22, 0x22, 
    0x22, 0x22, 0x22, 0x22, 0x22, 0x22, 0x22, 0x22, 0x22, 0x22, 0x22, 0x22, 0x22, 0x22, 0x22, 0x22, 
    0x22, 0x22, 0x22, 0x22, 0x22, 0x22, 0x22, 0x22, 0x22, 0x22, 0x22, 0x22, 0x22, 0x22, 0x22, 0x22, 
    0x22, 0x22, 0x22, 0x22, 0x22, 0x22, 0x22, 0x22, 0x22, 0x22, 0x22, 0x22, 0x22, 0x22, 0x22, 0x22, 
    0x22, 0x22, 0x22, 0x22, 0x22, 0x22, 0x22, 0x22, 0x22, 0x12, 0x50, 0x00, 0x00, 0x00, 0x00, 0x21, 
    0x10, 0x01, 0x11, 0x11, 0x10, 0x01, 0x11, 0x11, 0x01, 0x10, 0x02, 0x22, 0x10, 0x00, 0x00, 0x00, 
    0x00, 0x00, 0x00, 0x02, 0x22, 0x22, 0x22, 0x22, 0x22, 0x22, 0x22, 0x22, 0x22, 0x22, 0x22, 0x22, 
    0x22, 0x22, 0x22, 0x22, 0x22, 0x22, 0x22, 0x22, 0x22, 0x22, 0x22, 0x22, 0x22, 0x22, 0x22, 0x22, 
    0x22, 0x22, 0x22, 0x22, 0x22, 0x22, 0x22, 0x22, 0x22, 0x22, 0x22, 0x22, 0x22, 0x22, 0x22, 0x22, 
    0x22, 0x22, 0x22, 0x22, 0x22, 0x22, 0x22, 0x22, 0x22, 0x22, 0x22, 0x22, 0x22, 0x22, 0x22, 0x22, 
    0x22, 0x22, 0x22, 0x22, 0x22, 0x22, 0x22, 0x22, 0x22, 0x22, 0x22, 0x22, 0x22, 0x22, 0x22, 0x22, 
    0x22, 0x22, 0x22, 0x22, 0x22, 0x22, 0x22, 0x22, 0x22, 0x22, 0x22, 0x22, 0x22, 0x22, 0x22, 0x22, 
    0x22, 0x22, 0x21, 0x22, 0x22, 0x22, 0x22, 0x22, 0x22, 0x00, 0x01, 0x11, 0x10, 0x51, 0x11, 0x10, 
    0x00, 0x00, 0x22, 0x22, 0x22, 0x22, 0x25, 0x00, 0x00, 0x02, 0x22, 0x12, 0x22, 0x22, 0x22, 0x22, 
    0x22, 0x22, 0x22, 0x22, 0x22, 0x22, 0x22, 0x22, 0x22, 0x22, 0x22, 0x22, 0x22, 0x22, 0x22, 0x22, 
    0x22, 0x22, 0x22, 0x22, 0x22, 0x22, 0x22, 0x22, 0x22, 0x22, 0x22, 0x22, 0x22, 0x22, 0x22, 0x22, 
    0x22, 0x22, 0x22, 0x22, 0x22, 0x22, 0x22, 0x22, 0x22, 0x22, 0x22, 0x22, 0x22, 0x22, 0x22, 0x22, 
    0x22, 0x22, 0x22, 0x22, 0x22, 0x22, 0x22, 0x22, 0x22, 0x22, 0x22, 0x22, 0x22, 0x22, 0x22, 0x22, 
    0x22, 0x22, 0x22, 0x22, 0x22, 0x22, 0x22, 0x22, 0x22, 0x22, 0x22, 0x22, 0x22, 0x22, 0x22, 0x22, 
    0x22, 0x22, 0x22, 0x22, 0x22, 0x22, 0x22, 0x22, 0x22, 0x22, 0x22, 0x22, 0x22, 0x22, 0x22, 0x22, 
    0x22, 0x10, 0x00, 0x00, 0x05, 0x00, 0x00, 0x00, 0x00, 0x22, 0x22, 0x22, 0x22, 0x22, 0x22, 0x21, 
    0x22, 0x12, 0x22, 0x22, 0x22, 0x22, 0x22, 0x22, 0x22, 0x22, 0x22, 0x22, 0x22, 0x22, 0x22, 0x22, 
    0x22, 0x22, 0x22, 0x22, 0x22, 0x22, 0x22, 0x22, 0x22, 0x22, 0x22, 0x22, 0x22, 0x22, 0x22, 0x22, 
    0x22, 0x22, 0x22, 0x22, 0x22, 0x22, 0x22, 0x22, 0x22, 0x22, 0x22, 0x22, 0x22, 0x22, 0x22, 0x22, 
    0x22, 0x22, 0x22, 0x22, 0x22, 0x22, 0x22, 0x22, 0x22, 0x22, 0x22, 0x22, 0x22, 0x22, 0x22, 0x22, 
    0x22, 0x22, 0x22, 0x22, 0x22, 0x22, 0x22, 0x22, 0x22, 0x22, 0x22, 0x22, 0x22, 0x22, 0x22, 0x22, 
    0x22, 0x22, 0x22, 0x22, 0x22, 0x22, 0x22, 0x22, 0x22, 0x22, 0x22, 0x22, 0x22, 0x22, 0x22, 0x22, 
    0x22, 0x22, 0x22, 0x22, 0x22, 0x22, 0x22, 0x22, 0x22, 0x22, 0x22, 0x00, 0x00, 0x00, 0x00, 0x12, 
    0x22, 0x12, 0x22, 0x22, 0x22, 0x22, 0x22, 0x22, 0x22, 0x22, 0x22, 0x22, 0x22, 0x22, 0x22, 0x22, 
    0x22, 0x22, 0x22, 0x22, 0x22, 0x22, 0x22, 0x22, 0x22, 0x22, 0x22, 0x22, 0x22, 0x22, 0x22, 0x22, 
    0x22, 0x22, 0x22, 0x22, 0x22, 0x22, 0x22, 0x22, 0x22, 0x22, 0x22, 0x22, 0x22, 0x22, 0x22, 0x22, 
    0x22, 0x22, 0x22, 0x22, 0x22, 0x22, 0x22, 0x22, 0x22, 0x22, 0x22, 0x22, 0x22, 0x22, 0x22, 0x22, 
    0x22, 0x22, 0x22, 0x22, 0x22, 0x22, 0x22, 0x22, 0x22, 0x22, 0x22, 0x22, 0x22, 0x22, 0x22, 0x22, 
    0x22, 0x22, 0x22, 0x22, 0x22, 0x22, 0x22, 0x22, 0x22, 0x22, 0x22, 0x22, 0x22, 0x22, 0x22, 0x22, 
    0x22, 0x22, 0x22, 0x22, 0x22, 0x22, 0x22, 0x22, 0x22, 0x22, 0x22, 0x22, 0x22, 0x22, 0x22, 0x22, 
    0x22, 0x22, 0x22, 0x12, 0x21, 0x21, 0x12, 0x22, 0x22, 0x22, 0x22, 0x22, 0x22, 0x22, 0x22, 0x22, 
    0x22, 0x22, 0x22, 0x22, 0x22, 0x22, 0x22, 0x22, 0x22, 0x22, 0x22, 0x22, 0x22, 0x22, 0x22, 0x22, 
    0x22, 0x22, 0x22, 0x22, 0x22, 0x22, 0x22, 0x22, 0x22, 0x22, 0x22, 0x22, 0x22, 0x22, 0x22, 0x22, 
    0x22, 0x22, 0x22, 0x22, 0x22, 0x22, 0x22, 0x22, 0x22, 0x22, 0x22, 0x22, 0x22, 0x22, 0x22, 0x22, 
    0x22, 0x22, 0x22, 0x22, 0x22, 0x22, 0x22, 0x22, 0x22, 0x22, 0x22, 0x22, 0x22, 0x22, 0x22, 0x22, 
    0x22, 0x22, 0x22, 0x22, 0x22, 0x22, 0x22, 0x22, 0x22, 0x22, 0x22, 0x22, 0x22, 0x22, 0x22, 0x22, 
    0x22, 0x22, 0x22, 0x22, 0x22, 0x22, 0x22, 0x22, 0x22, 0x22, 0x22, 0x22, 0x22, 0x22, 0x22, 0x22, 
    0x22, 0x22, 0x22, 0x22, 0x22, 0x22, 0x22, 0x22, 0x22, 0x22, 0x22, 0x22, 0x22, 0x22, 0x22, 0x22, 
    0x22, 0x22, 0x22, 0x22, 0x22, 0x22, 0x22, 0x22, 0x22, 0x22, 0x22, 0x22, 0x22, 0x22, 0x22, 0x22, 
    0x22, 0x22, 0x22, 0x22, 0x22, 0x22, 0x22, 0x22, 0x22, 0x22, 0x22, 0x22, 0x22, 0x22, 0x22, 0x22, 
    0x22, 0x22, 0x22, 0x22, 0x22, 0x22, 0x22, 0x22, 0x22, 0x22, 0x22, 0x22, 0x22, 0x22, 0x22, 0x22, 
    0x22, 0x22, 0x22, 0x22, 0x22, 0x22, 0x22, 0x22, 0x22, 0x22, 0x22, 0x22, 0x22, 0x22, 0x22, 0x22, 
    0x22, 0x22, 0x22, 0x22, 0x22, 0x22, 0x22, 0x22, 0x22, 0x22, 0x22, 0x22, 0x22, 0x22, 0x22, 0x22, 
    0x22, 0x22, 0x22, 0x22, 0x22, 0x22, 0x22, 0x22, 0x22, 0x22, 0x22, 0x22, 0x22, 0x22, 0x22, 0x22, 
    0x22, 0x22, 0x22, 0x22, 0x22, 0x22, 0x22, 0x22, 0x22, 0x22, 0x22, 0x22, 0x22, 0x22, 0x22, 0x22, 
    0x22, 0x22, 0x22, 0x22, 0x22, 0x22, 0x22, 0x22, 0x22, 0x22, 0x22, 0x22, 0x22, 0x22, 0x22, 0x22, 
    0x22, 0x22, 0x22, 0x22, 0x22, 0x22, 0x22, 0x22, 0x22, 0x22, 0x22, 0x22, 0x22, 0x22, 0x22, 0x22, 
    0x22, 0x22, 0x22, 0x22, 0x22, 0x22, 0x22, 0x22, 0x22, 0x22, 0x22, 0x22, 0x22, 0x22, 0x22, 0x22, 
    0x22, 0x22, 0x22, 0x22, 0x22, 0x22, 0x22, 0x22, 0x22, 0x22, 0x22, 0x22, 0x22, 0x22, 0x22, 0x22, 
    0x22, 0x22, 0x22, 0x22, 0x22, 0x22, 0x22, 0x22, 0x22, 0x22, 0x22, 0x22, 0x22, 0x22, 0x22, 0x22, 
    0x22, 0x22, 0x22, 0x22, 0x22, 0x22, 0x22, 0x22, 0x22, 0x22, 0x22, 0x22, 0x22, 0x22, 0x22, 0x22, 
    0x22, 0x22, 0x22, 0x22, 0x22, 0x22, 0x22, 0x22, 0x22, 0x22, 0x22, 0x22, 0x22, 0x22, 0x22, 0x22, 
    0x22, 0x22, 0x22, 0x22, 0x22, 0x22, 0x22, 0x22, 0x22, 0x22, 0x22, 0x22, 0x22, 0x22, 0x22, 0x22, 
    0x22, 0x22, 0x22, 0x22, 0x22, 0x22, 0x22, 0x22, 0x22, 0x22, 0x22, 0x22, 0x22, 0x22, 0x22, 0x22, 
    0x22, 0x22, 0x22, 0x22, 0x22, 0x22, 0x22, 0x22, 0x22, 0x22, 0x22, 0x22, 0x22, 0x22, 0x22, 0x22, 
    0x22, 0x22, 0x22, 0x22, 0x22, 0x22, 0x22, 0x22, 0x22, 0x22, 0x22, 0x22, 0x22, 0x22, 0x22, 0x22, 
    0x22, 0x22, 0x22, 0x22, 0x22, 0x22, 0x22, 0x22, 0x22, 0x22, 0x22, 0x22, 0x22, 0x22, 0x22, 0x22, 
    0x22, 0x22, 0x22, 0x22, 0x22, 0x22, 0x22, 0x22, 0x22, 0x22, 0x22, 0x22, 0x22, 0x22, 0x22, 0x22, 
    0x22, 0x22, 0x22, 0x22, 0x22, 0x22, 0x22, 0x22, 0x22, 0x22, 0x22, 0x22, 0x22, 0x22, 0x22, 0x22, 
    0x22, 0x22, 0x22, 0x22, 0x22, 0x22, 0x22, 0x22, 0x22, 0x22, 0x22, 0x22, 0x22, 0x22, 0x22, 0x22, 
    0x22, 0x22, 0x22, 0x22, 0x22, 0x22, 0x22, 0x22, 0x22, 0x22, 0x22, 0x22, 0x22, 0x22, 0x22, 0x22, 
    0x22, 0x22, 0x22, 0x22, 0x22, 0x22, 0x22, 0x22, 0x22, 0x22, 0x22, 0x22, 0x22, 0x22, 0x22, 0x22, 
    0x22, 0x22, 0x22, 0x22, 0x22, 0x22, 0x22, 0x22, 0x22, 0x22, 0x22, 0x22, 0x22, 0x22, 0x22, 0x22, 
    0x22, 0x22, 0x22, 0x22, 0x22, 0x22, 0x22, 0x22, 0x22, 0x22, 0x22, 0x22, 0x22, 0x22, 0x22, 0x22, 
    0x22, 0x22, 0x22, 0x22, 0x22, 0x22, 0x22, 0x22, 0x22, 0x22, 0x22, 0x22, 0x22, 0x22, 0x22, 0x22, 
    0x22, 0x22, 0x22, 0x22, 0x22, 0x22, 0x22, 0x22, 0x22, 0x22, 0x22, 0x22, 0x22, 0x22, 0x22, 0x22, 
    0x22, 0x22, 0x22, 0x22, 0x22, 0x22, 0x22, 0x22, 0x22, 0x22, 0x22, 0x22, 0x22, 0x22, 0x22, 0x22, 
    0x22, 0x22, 0x22, 0x22, 0x22, 0x22, 0x22, 0x22, 0x22, 0x22, 0x22, 0x22, 0x22, 0x22, 0x22, 0x22, 
    0x22, 0x22, 0x22, 0x22, 0x22, 0x22, 0x22, 0x22, 0x22, 0x22, 0x22, 0x22, 0x22, 0x22, 0x22, 0x22, 
    0x22, 0x22, 0x22, 0x22, 0x22, 0x22, 0x22, 0x22, 0x22, 0x22, 0x22, 0x22, 0x22, 0x22, 0x22, 0x22, 
    0x22, 0x22, 0x22, 0x22, 0x22, 0x22, 0x22, 0x22, 0x22, 0x22, 0x22, 0x22, 0x22, 0x22, 0x22, 0x22, 
    0x22, 0x22, 0x22, 0x22, 0x22, 0x22, 0x22, 0x22, 0x22, 0x22, 0x22, 0x22, 0x22, 0x22, 0x22, 0x22, 
    0x22, 0x22, 0x22, 0x22, 0x22, 0x22, 0x22, 0x22, 0x22, 0x22, 0x22, 0x22, 0x22, 0x22, 0x22, 0x22, 
    0x22, 0x22, 0x22, 0x22, 0x22, 0x22, 0x22, 0x22, 0x22, 0x22, 0x22, 0x22, 0x22, 0x22, 0x22, 0x22, 
    0x22, 0x22, 0x22, 0x22, 0x22, 0x22, 0x22, 0x22, 0x22, 0x22, 0x22, 0x22, 0x22, 0x22, 0x22, 0x22, 
    0x22, 0x22, 0x22, 0x22, 0x22, 0x22, 0x22, 0x22, 0x22, 0x22, 0x22, 0x22, 0x22, 0x22, 0x22, 0x22, 
    0x22, 0x22, 0x22, 0x22, 0x22, 0x22, 0x22, 0x22, 0x22, 0x22, 0x22, 0x22, 0x22, 0x22, 0x22, 0x22, 
    0x22, 0x22, 0x22, 0x22, 0x22, 0x22, 0x22, 0x22, 0x22, 0x22, 0x22, 0x22, 0x22, 0x22, 0x22, 0x22, 
    0x22, 0x22, 0x22, 0x22, 0x22, 0x22, 0x22, 0x22, 0x22, 0x22, 0x22, 0x22, 0x22, 0x22, 0x22, 0x22, 
    0x22, 0x22, 0x22, 0x22, 0x22, 0x22, 0x22, 0x22, 0x22, 0x22, 0x22, 0x22, 0x22, 0x22, 0x22, 0x22, 
    0x22, 0x22, 0x22, 0x22, 0x22, 0x22, 0x22, 0x22, 0x22, 0x22, 0x22, 0x22, 0x22, 0x22, 0x22, 0x22, 
    0x22, 0x22, 0x22, 0x22, 0x22, 0x22, 0x22, 0x22, 0x22, 0x22, 0x22, 0x22, 0x22, 0x22, 0x22, 0x22, 
    0x22, 0x22, 0x22, 0x22, 0x22, 0x22, 0x22, 0x22, 0x22, 0x22, 0x22, 0x22, 0x22, 0x22, 0x22, 0x22, 
    0x22, 0x22, 0x22, 0x22, 0x22, 0x22, 0x22, 0x22, 0x22, 0x22, 0x22, 0x22, 0x22, 0x22, 0x22, 0x22, 
    0x22, 0x22, 0x22, 0x22, 0x22, 0x22, 0x22, 0x22, 0x22, 0x22, 0x22, 0x22, 0x22, 0x22, 0x22, 0x22, 
    0x22, 0x22, 0x22, 0x22, 0x22, 0x22, 0x22, 0x22, 0x22, 0x22, 0x22, 0x22, 0x22, 0x22, 0x22, 0x22, 
    0x22, 0x22, 0x22, 0x22, 0x22, 0x22, 0x22, 0x22, 0x22, 0x22, 0x22, 0x22, 0x22, 0x22, 0x22, 0x22, 
    0x22, 0x22, 0x22, 0x22, 0x22, 0x22, 0x22, 0x22, 0x22, 0x22, 0x22, 0x22, 0x22, 0x22, 0x22, 0x22, 
    0x22, 0x22, 0x22, 0x22, 0x22, 0x22, 0x22, 0x22, 0x22, 0x22, 0x22, 0x22, 0x22, 0x22, 0x22, 0x22, 
    0x22, 0x22, 0x22, 0x22, 0x22, 0x22, 0x22, 0x22, 0x22, 0x22, 0x22, 0x22, 0x22, 0x22, 0x22, 0x22, 
    0x22, 0x22, 0x22, 0x22, 0x22, 0x22, 0x22, 0x22, 0x22, 0x22, 0x22, 0x22, 0x22, 0x22, 0x22, 0x22, 
    0x22, 0x22, 0x22, 0x22, 0x22, 0x22, 0x22, 0x22, 0x22, 0x22, 0x22, 0x22, 0x22, 0x22, 0x22, 0x22, 
    0x22, 0x22, 0x22, 0x22, 0x22, 0x22, 0x22, 0x22, 0x22, 0x22, 0x22, 0x22, 0x22, 0x22, 0x22, 0x22, 
    0x22, 0x22, 0x22, 0x22, 0x22, 0x22, 0x22, 0x22, 0x22, 0x22, 0x22, 0x22, 0x22, 0x22, 0x22, 0x22, 
    0x22, 0x22, 0x22, 0x22, 0x22, 0x22, 0x22, 0x22, 0x22, 0x22, 0x22, 0x22, 0x22, 0x22, 0x22, 0x22, 
    0x22, 0x22, 0x22, 0x22, 0x22, 0x22, 0x22, 0x22, 0x22, 0x22, 0x22, 0x22, 0x22, 0x22, 0x22, 0x22, 
    0x22, 0x22, 0x22, 0x22, 0x22, 0x22, 0x22, 0x22, 0x22, 0x22, 0x22, 0x22, 0x22, 0x22, 0x22, 0x22, 
    0x22, 0x22, 0x22, 0x22, 0x22, 0x22, 0x22, 0x22, 0x22, 0x22, 0x22, 0x22, 0x22, 0x22, 0x22, 0x22, 
    0x22, 0x22, 0x22, 0x22, 0x22, 0x22, 0x22, 0x22, 0x22, 0x22, 0x22, 0x22, 0x22, 0x22, 0x22, 0x22, 
    0x22, 0x22, 0x22, 0x22, 0x22, 0x22, 0x22, 0x22, 0x22, 0x22, 0x22, 0x22, 0x22, 0x22, 0x22, 0x22, 
    0x22, 0x22, 0x22, 0x22, 0x22, 0x22, 0x22, 0x22, 0x22, 0x22, 0x22, 0x22, 0x22, 0x22, 0x22, 0x22, 
    0x22, 0x22, 0x22, 0x22, 0x22, 0x22, 0x22, 0x22, 0x22, 0x22, 0x22, 0x22, 0x22, 0x22, 0x22, 0x22, 
    0x22, 0x22, 0x22, 0x22, 0x22, 0x22, 0x22, 0x22, 0x22, 0x22, 0x22, 0x22, 0x22, 0x22, 0x22, 0x22, 
    0x22, 0x22, 0x22, 0x22, 0x22, 0x22, 0x22, 0x22, 0x22, 0x22, 0x22, 0x22, 0x22, 0x22, 0x22, 0x22, 
    0x22, 0x22, 0x22, 0x22, 0x22, 0x22, 0x22, 0x22, 0x22, 0x22, 0x22, 0x22, 0x22, 0x22, 0x22, 0x22, 
    0x22, 0x22, 0x22, 0x22, 0x22, 0x22, 0x22, 0x22, 0x22, 0x22, 0x22, 0x22, 0x22, 0x22, 0x22, 0x22, 
    0x22, 0x22, 0x22, 0x22, 0x22, 0x22, 0x22, 0x22, 0x22, 0x22, 0x22, 0x22, 0x22, 0x22, 0x22, 0x22, 
    0x22, 0x22, 0x22, 0x22, 0x22, 0x22, 0x22, 0x22, 0x22, 0x22, 0x22, 0x22, 0x22, 0x22, 0x22, 0x22, 
    0x22, 0x22, 0x22, 0x22, 0x22, 0x22, 0x22, 0x22, 0x22, 0x22, 0x22, 0x22, 0x22, 0x22, 0x22, 0x22, 
    0x22, 0x22, 0x22, 0x22, 0x22, 0x22, 0x22, 0x22, 0x22, 0x22, 0x22, 0x22, 0x22, 0x22, 0x22, 0x22, 
    0x22, 0x22, 0x22, 0x22, 0x22, 0x22, 0x22, 0x22, 0x22, 0x22, 0x22, 0x22, 0x22, 0x22, 0x22, 0x22, 
    0x22, 0x22, 0x22, 0x22, 0x22, 0x22, 0x22, 0x22, 0x22, 0x22, 0x22, 0x22, 0x22, 0x22, 0x22, 0x22, 
    0x22, 0x22, 0x22, 0x22, 0x22, 0x22, 0x22, 0x22, 0x22, 0x22, 0x22, 0x22, 0x22, 0x22, 0x22, 0x22, 
    0x22, 0x22, 0x22, 0x22, 0x22, 0x22, 0x22, 0x22, 0x22, 0x22, 0x22, 0x22, 0x22, 0x22, 0x22, 0x22, 
    0x22, 0x22, 0x22, 0x22, 0x22, 0x22, 0x22, 0x22, 0x22, 0x22, 0x22, 0x22, 0x22, 0x22, 0x22, 0x22, 
    0x22, 0x22, 0x22, 0x22, 0x22, 0x22, 0x22, 0x22, 0x22, 0x22, 0x22, 0x22, 0x22, 0x22, 0x22, 0x22, 
    0x22, 0x22, 0x22, 0x22, 0x22, 0x22, 0x22, 0x22, 0x22, 0x22, 0x22, 0x22, 0x22, 0x22, 0x22, 0x22, 
    0x22, 0x22, 0x22, 0x22, 0x22, 0x22, 0x22, 0x22, 0x22, 0x22, 0x22, 0x22, 0x22, 0x22, 0x22, 0x22, 
    0x22, 0x22, 0x22, 0x22, 0x22, 0x22, 0x22, 0x22, 0x22, 0x22, 0x22, 0x22, 0x22, 0x22, 0x22, 0x22, 
    0x22, 0x22, 0x22, 0x22, 0x22, 0x22, 0x22, 0x22, 0x22, 0x22, 0x22, 0x22, 0x22, 0x22, 0x22, 0x22, 
    0x22, 0x22, 0x22, 0x22, 0x22, 0x22, 0x22, 0x22, 0x22, 0x22, 0x22, 0x22, 0x22, 0x22, 0x22, 0x22, 
    0x22, 0x22, 0x22, 0x22, 0x22, 0x22, 0x22, 0x22, 0x22, 0x22, 0x22, 0x22, 0x22, 0x22, 0x22, 0x22, 
    0x22, 0x22, 0x22, 0x22, 0x22, 0x22, 0x22, 0x22, 0x22, 0x22, 0x22, 0x22, 0x22, 0x22, 0x22, 0x22, 
    0x22, 0x22, 0x22, 0x22, 0x22, 0x22, 0x22, 0x22, 0x22, 0x22, 0x22, 0x22, 0x22, 0x22, 0x22, 0x22, 
    0x22, 0x22, 0x22, 0x22, 0x22, 0x22, 0x22, 0x22, 0x22, 0x22, 0x22, 0x22, 0x22, 0x22, 0x22, 0x22, 
    0x22, 0x22, 0x22, 0x22, 0x22, 0x22, 0x22, 0x22, 0x22, 0x22, 0x22, 0x22, 0x22, 0x22, 0x22, 0x22, 
    0x22, 0x22, 0x22, 0x22, 0x22, 0x22, 0x22, 0x22, 0x22, 0x22, 0x22, 0x22, 0x22, 0x22, 0x22, 0x22, 
    0x22, 0x22, 0x22, 0x22, 0x22, 0x22, 0x22, 0x22, 0x22, 0x22, 0x22, 0x22, 0x22, 0x22, 0x22, 0x22, 
    0x22, 0x22, 0x22, 0x22, 0x22, 0x22, 0x22, 0x22, 0x22, 0x22, 0x22, 0x22, 0x22, 0x22, 0x22, 0x22, 
    0x22, 0x22, 0x22, 0x22, 0x22, 0x22, 0x22, 0x22, 0x22, 0x22, 0x22, 0x22, 0x22, 0x22, 0x22, 0x22, 
    0x22, 0x22, 0x22, 0x22, 0x22, 0x22, 0x22, 0x22, 0x22, 0x22, 0x22, 0x22, 0x22, 0x22, 0x22, 0x22, 
    0x22, 0x22, 0x22, 0x22, 0x22, 0x22, 0x22, 0x22, 0x22, 0x22, 0x22, 0x22, 0x22, 0x22, 0x22, 0x22, 
    0x22, 0x22, 0x22, 0x22, 0x22, 0x22, 0x22, 0x22, 0x22, 0x22, 0x22, 0x22, 0x22, 0x22, 0x22, 0x22, 
    0x22, 0x22, 0x22, 0x22, 0x22, 0x22, 0x22, 0x22, 0x22, 0x22, 0x22, 0x22, 0x22, 0x22, 0x22, 0x22, 
    0x22, 0x22, 0x22, 0x22, 0x22, 0x22, 0x22, 0x22, 0x22, 0x22, 0x22, 0x22, 0x22, 0x22, 0x22, 0x22, 
    0x22, 0x22, 0x22, 0x22, 0x22, 0x22, 0x22, 0x22, 0x22, 0x22, 0x22, 0x22, 0x22, 0x22, 0x22, 0x22, 
    0x22, 0x22, 0x22, 0x22, 0x22, 0x22, 0x22, 0x22, 0x22, 0x22, 0x22, 0x22, 0x22, 0x22, 0x22, 0x22, 
    0x22, 0x22, 0x22, 0x22, 0x22, 0x22, 0x22, 0x22, 0x22, 0x22, 0x22, 0x22, 0x22, 0x22, 0x22, 0x22, 
    0x22, 0x22, 0x22, 0x22, 0x22, 0x22, 0x22, 0x22, 0x22, 0x22, 0x22, 0x22, 0x22, 0x22, 0x22, 0x22, 
    0x22, 0x22, 0x22, 0x22, 0x22, 0x22, 0x22, 0x22, 0x22, 0x22, 0x22, 0x22, 0x22, 0x22, 0x22, 0x22, 
    0x22, 0x22, 0x22, 0x22, 0x22, 0x22, 0x22, 0x22, 0x22, 0x22, 0x22, 0x22, 0x22, 0x22, 0x22, 0x22, 
    0x22, 0x22, 0x22, 0x22, 0x22, 0x22, 0x22, 0x22, 0x22, 0x22, 0x22, 0x22, 0x22, 0x22, 0x22, 0x22, 
    0x22, 0x22, 0x22, 0x22, 0x22, 0x22, 0x22, 0x22, 0x22, 0x22, 0x22, 0x22, 0x22, 0x22, 0x22, 0x22, 
    0x22, 0x22, 0x22, 0x22, 0x22, 0x22, 0x22, 0x22, 0x22, 0x22, 0x22, 0x22, 0x22, 0x22, 0x22, 0x22, 
    0x22, 0x22, 0x22, 0x22, 0x22, 0x22, 0x22, 0x22, 0x22, 0x22, 0x22, 0x22, 0x22, 0x22, 0x22, 0x22, 
    0x22, 0x22, 0x22, 0x22, 0x22, 0x22, 0x22, 0x22, 0x22, 0x22, 0x22, 0x22, 0x22, 0x22, 0x22, 0x22, 
    0x22, 0x22, 0x22, 0x22, 0x22, 0x22, 0x22, 0x22, 0x22, 0x22, 0x22, 0x22, 0x22, 0x22, 0x22, 0x22, 
    0x22, 0x22, 0x22, 0x22, 0x22, 0x22, 0x22, 0x22, 0x22, 0x22, 0x22, 0x22, 0x22, 0x22, 0x22, 0x22, 
    0x22, 0x22, 0x22, 0x22, 0x22, 0x22, 0x22, 0x22, 0x22, 0x22, 0x22, 0x22, 0x22, 0x22, 0x22, 0x22, 
    0x22, 0x22, 0x22, 0x22, 0x22, 0x22, 0x22, 0x22, 0x22, 0x22, 0x22, 0x22, 0x22, 0x22, 0x22, 0x22, 
    0x22, 0x22, 0x22, 0x22, 0x22, 0x22, 0x22, 0x22, 0x22, 0x22, 0x22, 0x22, 0x22, 0x22, 0x22, 0x22, 
    0x22, 0x22, 0x22, 0x22, 0x22, 0x22, 0x22, 0x22, 0x22, 0x22, 0x22, 0x22, 0x22, 0x22, 0x22, 0x22, 
    0x22, 0x22, 0x22, 0x22, 0x22, 0x22, 0x22, 0x22, 0x22, 0x22, 0x22, 0x22, 0x22, 0x22, 0x22, 0x22, 
    0x22, 0x22, 0x22, 0x22, 0x22, 0x22, 0x22, 0x22, 0x22, 0x22, 0x22, 0x22, 0x22, 0x22, 0x22, 0x22, 
    0x22, 0x22, 0x22, 0x22, 0x22, 0x22, 0x22, 0x22, 0x22, 0x22, 0x22, 0x22, 0x22, 0x22, 0x22, 0x22, 
    0x22, 0x22, 0x22, 0x22, 0x22, 0x22, 0x22, 0x22, 0x22, 0x22, 0x22, 0x22, 0x22, 0x22, 0x22, 0x22, 
    0x22, 0x22, 0x22, 0x22, 0x22, 0x22, 0x22, 0x22, 0x22, 0x22, 0x22, 0x22, 0x22, 0x22, 0x22, 0x22, 
    0x22, 0x22, 0x22, 0x22, 0x22, 0x22, 0x22, 0x22, 0x22, 0x22, 0x22, 0x22, 0x22, 0x22, 0x22, 0x22, 
    0x22, 0x22, 0x22, 0x22, 0x22, 0x22, 0x22, 0x22, 0x22, 0x22, 0x22, 0x22, 0x22, 0x22, 0x22, 0x22, 
    0x22, 0x22, 0x22, 0x22, 0x22, 0x22, 0x22, 0x22, 0x22, 0x22, 0x22, 0x22, 0x22, 0x22, 0x22, 0x22, 
    0x22, 0x22, 0x22, 0x22, 0x22, 0x22, 0x22, 0x22, 0x22, 0x22, 0x22, 0x22, 0x22, 0x22, 0x22, 0x22, 
    0x22, 0x22, 0x22, 0x22, 0x22, 0x22, 0x22, 0x22, 0x22, 0x22, 0x22, 0x22, 0x22, 0x22, 0x22, 0x22, 
    0x22, 0x22, 0x22, 0x22, 0x22, 0x22, 0x22, 0x22, 0x22, 0x22, 0x22, 0x22, 0x22, 0x22, 0x22, 0x22, 
    0x22, 0x22, 0x22, 0x22, 0x22, 0x22, 0x22, 0x22, 0x22, 0x22, 0x22, 0x22, 0x22, 0x22, 0x22, 0x22, 
    0x22, 0x22, 0x22, 0x22, 0x22, 0x22, 0x22, 0x22, 0x22, 0x22, 0x22, 0x22, 0x22, 0x22, 0x22, 0x22, 
    0x22, 0x22, 0x22, 0x22, 0x22, 0x22, 0x22, 0x22, 0x22, 0x22, 0x22, 0x22, 0x22, 0x22, 0x22, 0x22, 
    0x22, 0x22, 0x22, 0x22, 0x22, 0x22, 0x22, 0x22, 0x22, 0x22, 0x22, 0x22, 0x22, 0x22, 0x22, 0x22, 
    0x22, 0x22, 0x22, 0x22, 0x22, 0x22, 0x22, 0x22, 0x22, 0x22, 0x22, 0x22, 0x22, 0x22, 0x22, 0x22, 
    0x22, 0x22, 0x22, 0x22, 0x22, 0x22, 0x22, 0x22, 0x22, 0x22, 0x22, 0x22, 0x22, 0x22, 0x22, 0x22, 
    0x22, 0x22, 0x22, 0x22, 0x22, 0x22, 0x22, 0x22, 0x22, 0x22, 0x22, 0x22, 0x22, 0x22, 0x22, 0x22, 
    0x22, 0x22, 0x22, 0x22, 0x22, 0x22, 0x22, 0x22, 0x22, 0x22, 0x22, 0x22, 0x22, 0x22, 0x22, 0x22, 
    0x22, 0x22, 0x22, 0x22, 0x22, 0x22, 0x22, 0x22, 0x22, 0x22, 0x22, 0x22, 0x22, 0x22, 0x22, 0x22, 
    0x22, 0x22, 0x22, 0x22, 0x22, 0x22, 0x22, 0x22, 0x22, 0x22, 0x22, 0x22, 0x22, 0x22, 0x22, 0x22, 
    0x22, 0x22, 0x22, 0x22, 0x22, 0x22, 0x22, 0x22, 0x22, 0x22, 0x22, 0x22, 0x22, 0x22, 0x22, 0x22, 
    0x22, 0x22, 0x22, 0x22, 0x22, 0x22, 0x22, 0x22, 0x22, 0x22, 0x22, 0x22, 0x22, 0x22, 0x22, 0x22, 
    0x22, 0x22, 0x22, 0x22, 0x22, 0x22, 0x22, 0x22, 0x22, 0x22, 0x22, 0x22, 0x22, 0x22, 0x22, 0x22, 
    0x22, 0x22, 0x22, 0x22, 0x22, 0x22, 0x22, 0x22, 0x22, 0x22, 0x22, 0x22, 0x22, 0x22, 0x22, 0x22, 
    0x22, 0x22, 0x22, 0x22, 0x22, 0x22, 0x22, 0x22, 0x22, 0x22, 0x22, 0x22, 0x22, 0x22, 0x22, 0x22
};
